timestamp,inflow,outflow,net_flow,balance,channel,business_line
2024-01-02 09:00:00,962073.33,1165862.41,-203789.08,4953913.53,ACH,Treasury
2024-01-02 09:15:00,900085.13,784587.0,115498.13,5005482.82,FEDWIRE,Treasury
2024-01-02 09:30:00,1111355.02,1004030.48,107324.54,5021833.75,FEDWIRE,Markets
2024-01-02 09:45:00,1511965.86,1134536.24,377429.63,5072026.8,INTERNAL,Treasury
2024-01-02 10:00:00,1434413.68,958186.95,476226.74,5160761.53,ACH,Retail
2024-01-02 10:15:00,546963.38,1377090.79,-830127.41,4991965.54,FEDWIRE,Retail
2024-01-02 10:30:00,911288.59,511060.89,400227.7,5040016.46,ACH,Retail
2024-01-02 10:45:00,1223480.94,1515158.06,-291677.12,4991022.33,FEDWIRE,Retail
2024-01-02 11:00:00,1217005.88,755457.07,461548.81,5117175.49,FEDWIRE,Treasury
2024-01-02 11:15:00,1052744.36,903046.18,149698.18,5195408.36,INTERNAL,Markets
2024-01-02 11:30:00,744962.27,1189488.75,-444526.48,5093317.95,FEDWIRE,Retail
2024-01-02 11:45:00,1252999.94,1036508.04,216491.9,5150051.99,ACH,Retail
2024-01-02 12:00:00,1502764.38,707979.07,794785.31,5280776.19,FEDWIRE,Treasury
2024-01-02 12:15:00,929131.45,662580.46,266551.0,5354273.52,FEDWIRE,Treasury
2024-01-02 12:30:00,1257164.9,868045.58,389119.33,5427714.01,FEDWIRE,Treasury
2024-01-02 12:45:00,886358.74,1198547.17,-312188.42,5374886.07,INTERNAL,Markets
2024-01-02 13:00:00,743594.3,975322.78,-231728.48,5354261.55,ACH,Retail
2024-01-02 13:15:00,702587.49,1105838.58,-403251.09,5297792.71,ACH,Markets
2024-01-02 13:30:00,977395.55,1429553.71,-452158.16,5252838.92,INTERNAL,Markets
2024-01-02 13:45:00,1119090.4,892691.07,226399.32,5287014.22,ACH,Treasury
2024-01-02 14:00:00,837164.49,761183.19,75981.29,5288730.81,ACH,Treasury
2024-01-02 14:15:00,1382316.11,1156997.73,225318.38,5340952.67,FEDWIRE,Retail
2024-01-02 14:30:00,1299848.19,792486.92,507361.27,5462680.47,FEDWIRE,Markets
2024-01-02 14:45:00,1014303.73,751607.02,262696.71,5513065.38,FEDWIRE,Retail
2024-01-02 15:00:00,593874.78,1132185.22,-538310.45,5416557.09,ACH,Treasury
2024-01-02 15:15:00,708244.03,813958.53,-105714.5,5355183.3,INTERNAL,Treasury
2024-01-02 15:30:00,508740.85,869033.36,-360292.51,5269125.31,INTERNAL,Retail
2024-01-02 15:45:00,1269430.73,1165734.28,103696.45,5284912.36,INTERNAL,Markets
2024-01-02 16:00:00,665201.7,1546986.49,-881784.8,5106305.39,INTERNAL,Treasury
2024-01-02 16:15:00,677078.95,733449.28,-56370.33,5045187.75,FEDWIRE,Markets
2024-01-02 16:30:00,1409282.59,1509619.05,-100336.46,5063556.79,ACH,Treasury
2024-01-02 16:45:00,1236577.38,976183.85,260393.54,5134150.96,INTERNAL,Retail
2024-01-02 17:00:00,950325.23,1265148.4,-314823.17,5071249.89,INTERNAL,Markets
2024-01-02 17:15:00,1349341.18,1068068.02,281273.15,5148020.94,FEDWIRE,Markets
2024-01-02 17:30:00,830963.97,1603852.27,-772888.3,5017432.9,INTERNAL,Treasury
2024-01-02 17:45:00,768054.47,1102068.26,-334013.78,4979067.16,ACH,Retail
2024-01-02 18:00:00,1204813.03,668185.3,536627.73,5083869.69,ACH,Retail
2024-01-02 18:15:00,678549.88,882851.91,-204302.03,5016355.39,FEDWIRE,Markets
2024-01-02 18:30:00,942495.14,1253234.87,-310739.73,4968638.17,ACH,Treasury
2024-01-02 18:45:00,997384.44,1124853.22,-127468.78,4921516.64,ACH,Markets
2024-01-02 19:00:00,779812.63,820383.44,-40570.82,4947330.12,FEDWIRE,Retail
2024-01-02 19:15:00,928162.8,996969.14,-68806.35,4961194.62,FEDWIRE,Treasury
2024-01-02 19:30:00,1351444.71,1104003.46,247441.26,4958118.69,ACH,Markets
2024-01-02 19:45:00,442374.27,1205613.26,-763238.99,4806853.68,ACH,Markets
2024-01-02 20:00:00,916327.4,1261221.8,-344894.4,4742900.92,INTERNAL,Markets
2024-01-02 20:15:00,1332981.13,1134104.82,198876.31,4742375.77,ACH,Treasury
2024-01-02 20:30:00,1203412.34,743577.1,459835.24,4834830.65,FEDWIRE,Markets
2024-01-02 20:45:00,844680.34,549648.9,295031.44,4878431.08,ACH,Markets
2024-01-02 21:00:00,931456.12,922597.62,8858.5,4913415.68,INTERNAL,Treasury
2024-01-02 21:15:00,1101746.95,1010078.58,91668.37,4969077.22,ACH,Treasury
2024-01-02 21:30:00,915596.87,665981.46,249615.41,5044670.24,FEDWIRE,Retail
2024-01-02 21:45:00,1493861.12,903795.08,590066.05,5182502.05,INTERNAL,Retail
2024-01-02 22:00:00,853340.79,1009617.11,-156276.32,5182731.6,INTERNAL,Treasury
2024-01-02 22:15:00,1292396.92,948304.9,344092.02,5268047.62,FEDWIRE,Markets
2024-01-02 22:30:00,862605.58,873722.78,-11117.21,5265900.65,FEDWIRE,Markets
2024-01-02 22:45:00,972777.6,616772.23,356005.37,5348222.59,INTERNAL,Treasury
2024-01-02 23:00:00,1112374.14,589109.29,523264.85,5429286.28,ACH,Retail
2024-01-02 23:15:00,1152081.87,689645.88,462436.0,5526671.2,INTERNAL,Treasury
2024-01-02 23:30:00,1048659.53,437710.28,610949.25,5665973.41,ACH,Treasury
2024-01-02 23:45:00,932159.9,1301455.55,-369295.66,5615379.61,FEDWIRE,Markets
2024-01-03 00:00:00,794616.52,740915.57,53700.95,5654079.93,FEDWIRE,Retail
2024-01-03 00:15:00,971948.27,1286674.97,-314726.69,5592141.93,INTERNAL,Treasury
2024-01-03 00:30:00,864075.52,721777.44,142298.07,5618999.18,FEDWIRE,Treasury
2024-01-03 00:45:00,924742.34,1058916.32,-134173.98,5615075.19,INTERNAL,Treasury
2024-01-03 01:00:00,730109.11,931238.37,-201129.26,5571691.16,INTERNAL,Retail
2024-01-03 01:15:00,677263.83,1087577.83,-410314.0,5491928.75,FEDWIRE,Retail
2024-01-03 01:30:00,647369.55,992703.97,-345334.43,5398615.11,INTERNAL,Treasury
2024-01-03 01:45:00,942273.81,617574.64,324699.17,5459477.57,ACH,Markets
2024-01-03 02:00:00,1123684.49,697635.68,426048.8,5528011.68,ACH,Treasury
2024-01-03 02:15:00,737085.0,1090171.07,-353086.08,5458050.44,ACH,Treasury
2024-01-03 02:30:00,959283.75,1082766.67,-123482.92,5424025.69,INTERNAL,Retail
2024-01-03 02:45:00,789817.24,1014550.23,-224732.99,5380144.21,INTERNAL,Markets
2024-01-03 03:00:00,842405.65,1140892.4,-298486.75,5344511.65,INTERNAL,Retail
2024-01-03 03:15:00,1189597.14,844995.2,344601.94,5436402.17,INTERNAL,Treasury
2024-01-03 03:30:00,875296.56,868203.74,7092.83,5451129.13,ACH,Markets
2024-01-03 03:45:00,1092169.66,1298122.27,-205952.6,5402562.99,ACH,Treasury
2024-01-03 04:00:00,778611.43,977179.06,-198567.62,5424421.35,ACH,Markets
2024-01-03 04:15:00,1078435.43,914131.42,164304.02,5496254.44,INTERNAL,Retail
2024-01-03 04:30:00,598793.86,710855.99,-112062.13,5514964.16,ACH,Markets
2024-01-03 04:45:00,958335.31,1291799.04,-333463.73,5436681.55,FEDWIRE,Retail
2024-01-03 05:00:00,1016162.87,947864.7,68298.17,5453571.48,FEDWIRE,Retail
2024-01-03 05:15:00,1064297.06,450234.75,614062.31,5573731.06,ACH,Markets
2024-01-03 05:30:00,857882.59,797489.3,60393.28,5625827.91,INTERNAL,Treasury
2024-01-03 05:45:00,1159533.43,1140668.34,18865.09,5594743.15,FEDWIRE,Markets
2024-01-03 06:00:00,1001572.33,1158088.16,-156515.82,5554434.85,FEDWIRE,Treasury
2024-01-03 06:15:00,709750.44,628771.93,80978.51,5532178.23,INTERNAL,Retail
2024-01-03 06:30:00,1079953.59,809714.07,270239.52,5559764.17,INTERNAL,Treasury
2024-01-03 06:45:00,870851.22,1123475.02,-252623.81,5517665.65,FEDWIRE,Markets
2024-01-03 07:00:00,889743.67,520685.4,369058.27,5604931.93,FEDWIRE,Treasury
2024-01-03 07:15:00,1136745.98,1156751.01,-20005.03,5622711.14,FEDWIRE,Retail
2024-01-03 07:30:00,1047208.65,1023524.52,23684.13,5661530.77,INTERNAL,Markets
2024-01-03 07:45:00,1045593.73,916767.46,128826.27,5748235.71,FEDWIRE,Treasury
2024-01-03 08:00:00,929323.1,885248.57,44074.52,5767431.17,INTERNAL,Retail
2024-01-03 08:15:00,850231.7,1409041.45,-558809.75,5671883.65,INTERNAL,Markets
2024-01-03 08:30:00,1069066.49,1156206.9,-87140.41,5657078.07,INTERNAL,Treasury
2024-01-03 08:45:00,1101894.93,1248611.14,-146716.2,5644891.25,INTERNAL,Markets
2024-01-03 09:00:00,561303.87,934697.07,-373393.2,5577901.29,FEDWIRE,Treasury
2024-01-03 09:15:00,457997.15,953970.91,-495973.76,5465610.95,INTERNAL,Markets
2024-01-03 09:30:00,1228322.87,1371993.1,-143670.23,5425952.92,FEDWIRE,Retail
2024-01-03 09:45:00,1552640.29,625758.44,926881.85,5619010.54,INTERNAL,Treasury
2024-01-03 10:00:00,1024229.13,1509428.95,-485199.82,5580878.71,INTERNAL,Treasury
2024-01-03 10:15:00,880778.41,1159460.39,-278681.97,5518111.69,FEDWIRE,Markets
2024-01-03 10:30:00,1266995.08,889857.16,377137.91,5577763.71,ACH,Retail
2024-01-03 10:45:00,724087.87,934293.13,-210205.26,5524140.86,FEDWIRE,Treasury
2024-01-03 11:00:00,816598.94,603798.79,212800.15,5568167.31,ACH,Treasury
2024-01-03 11:15:00,377982.22,572929.31,-194947.08,5487182.66,ACH,Treasury
2024-01-03 11:30:00,1027667.8,693414.33,334253.47,5566370.32,INTERNAL,Retail
2024-01-03 11:45:00,1255872.71,859325.49,396547.23,5631070.01,FEDWIRE,Retail
2024-01-03 12:00:00,774007.37,799874.99,-25867.62,5679476.69,INTERNAL,Markets
2024-01-03 12:15:00,913235.58,539100.93,374134.65,5714874.88,ACH,Treasury
2024-01-03 12:30:00,904109.69,1008049.83,-103940.13,5689359.76,FEDWIRE,Retail
2024-01-03 12:45:00,958774.61,952385.54,6389.07,5730259.03,FEDWIRE,Markets
2024-01-03 13:00:00,1402796.25,840804.48,561991.77,5859159.26,INTERNAL,Markets
2024-01-03 13:15:00,856060.96,703385.31,152675.65,5907296.11,INTERNAL,Markets
2024-01-03 13:30:00,1385059.5,835187.93,549871.58,6016649.97,ACH,Retail
2024-01-03 13:45:00,570068.21,1116076.23,-546008.02,5870631.37,INTERNAL,Markets
2024-01-03 14:00:00,1213702.68,812055.28,401647.4,5957312.44,ACH,Markets
2024-01-03 14:15:00,920962.46,1057623.31,-136660.85,5980408.39,ACH,Retail
2024-01-03 14:30:00,1015676.17,443648.74,572027.43,6104814.45,ACH,Markets
2024-01-03 14:45:00,950870.52,1067399.32,-116528.81,6086822.67,FEDWIRE,Markets
2024-01-03 15:00:00,920428.71,785371.9,135056.81,6099233.85,ACH,Markets
2024-01-03 15:15:00,922214.04,1003678.89,-81464.86,6105688.52,ACH,Markets
2024-01-03 15:30:00,1272009.26,1195576.02,76433.24,6115627.82,FEDWIRE,Markets
2024-01-03 15:45:00,811984.9,845917.73,-33932.83,6130706.64,INTERNAL,Retail
2024-01-03 16:00:00,1107732.93,1201950.88,-94217.95,6120639.13,FEDWIRE,Retail
2024-01-03 16:15:00,1077096.2,1129327.29,-52231.09,6144623.07,FEDWIRE,Treasury
2024-01-03 16:30:00,1247759.18,1106267.64,141491.55,6171131.59,FEDWIRE,Retail
2024-01-03 16:45:00,767435.61,1229259.89,-461824.28,6076039.72,FEDWIRE,Treasury
2024-01-03 17:00:00,1046253.85,1076927.89,-30674.04,6089421.3,ACH,Retail
2024-01-03 17:15:00,1128010.26,879966.08,248044.18,6141834.72,ACH,Treasury
2024-01-03 17:30:00,1172904.83,911899.9,261004.93,6247601.48,FEDWIRE,Retail
2024-01-03 17:45:00,1006522.66,865817.54,140705.12,6245624.55,FEDWIRE,Markets
2024-01-03 18:00:00,494960.45,822091.8,-327131.34,6216497.59,INTERNAL,Markets
2024-01-03 18:15:00,576056.4,815272.51,-239216.11,6215233.83,INTERNAL,Retail
2024-01-03 18:30:00,828147.63,1061976.72,-233829.09,6179965.48,INTERNAL,Treasury
2024-01-03 18:45:00,826688.78,888843.48,-62154.7,6136844.51,FEDWIRE,Retail
2024-01-03 19:00:00,1009129.1,1156723.73,-147594.63,6115846.69,INTERNAL,Markets
2024-01-03 19:15:00,1111482.63,1211084.14,-99601.51,6113274.09,ACH,Markets
2024-01-03 19:30:00,848183.89,784429.98,63753.91,6102307.81,INTERNAL,Retail
2024-01-03 19:45:00,1058170.3,411682.6,646487.69,6277483.24,FEDWIRE,Retail
2024-01-03 20:00:00,1244393.68,727862.92,516530.77,6337437.26,ACH,Markets
2024-01-03 20:15:00,1089443.92,824627.88,264816.03,6412703.8,ACH,Retail
2024-01-03 20:30:00,670223.82,1013776.29,-343552.47,6312541.78,INTERNAL,Retail
2024-01-03 20:45:00,767403.47,760881.15,6522.32,6370577.25,ACH,Treasury
2024-01-03 21:00:00,762712.95,951226.95,-188514.0,6329567.81,FEDWIRE,Markets
2024-01-03 21:15:00,1099583.62,1245301.57,-145717.96,6331940.8,FEDWIRE,Retail
2024-01-03 21:30:00,1108674.89,1156489.93,-47815.05,6322068.4,INTERNAL,Retail
2024-01-03 21:45:00,768281.53,925235.25,-156953.72,6286458.18,INTERNAL,Treasury
2024-01-03 22:00:00,515627.74,1453867.4,-938239.66,6068552.33,FEDWIRE,Markets
2024-01-03 22:15:00,720955.93,1182606.42,-461650.49,5974458.0,INTERNAL,Markets
2024-01-03 22:30:00,1219872.48,791277.77,428594.71,6055106.96,INTERNAL,Retail
2024-01-03 22:45:00,1019957.99,950070.8,69887.19,6056774.9,FEDWIRE,Markets
2024-01-03 23:00:00,495712.91,742199.75,-246486.84,6023463.37,INTERNAL,Retail
2024-01-03 23:15:00,748399.77,1141239.75,-392839.98,5964166.41,ACH,Markets
2024-01-03 23:30:00,1258879.39,1224807.67,34071.71,5964748.7,INTERNAL,Retail
2024-01-03 23:45:00,1360311.1,1171233.69,189077.41,6011722.34,ACH,Treasury
2024-01-04 00:00:00,640867.54,679964.57,-39097.03,6009402.63,FEDWIRE,Treasury
2024-01-04 00:15:00,651573.93,946754.2,-295180.27,5886169.92,INTERNAL,Treasury
2024-01-04 00:30:00,1382645.88,813131.65,569514.23,5997205.53,ACH,Treasury
2024-01-04 00:45:00,731571.31,883842.65,-152271.34,5979109.37,ACH,Treasury
2024-01-04 01:00:00,551884.83,656379.88,-104495.05,5967264.11,INTERNAL,Retail
2024-01-04 01:15:00,1032044.12,1044350.11,-12305.98,5973297.83,ACH,Markets
2024-01-04 01:30:00,1132934.09,730866.73,402067.36,6024369.64,INTERNAL,Treasury
2024-01-04 01:45:00,789479.7,893029.53,-103549.82,6014759.86,INTERNAL,Retail
2024-01-04 02:00:00,1344311.06,1231306.16,113004.89,6015391.17,ACH,Retail
2024-01-04 02:15:00,863672.56,1321707.95,-458035.39,5935287.75,INTERNAL,Treasury
2024-01-04 02:30:00,938785.35,374764.99,564020.35,6055271.0,ACH,Retail
2024-01-04 02:45:00,1154193.84,803723.49,350470.35,6080320.74,INTERNAL,Markets
2024-01-04 03:00:00,704691.59,866394.64,-161703.06,6013843.23,INTERNAL,Markets
2024-01-04 03:15:00,653363.63,861674.8,-208311.16,6003400.16,INTERNAL,Markets
2024-01-04 03:30:00,810435.95,746244.03,64191.92,5994413.43,FEDWIRE,Treasury
2024-01-04 03:45:00,1510107.2,933733.43,576373.77,6113228.08,INTERNAL,Markets
2024-01-04 04:00:00,716530.91,916706.99,-200176.08,6074269.37,FEDWIRE,Treasury
2024-01-04 04:15:00,488589.89,1296605.46,-808015.57,5889483.75,ACH,Treasury
2024-01-04 04:30:00,279671.98,866749.94,-587077.95,5768900.11,INTERNAL,Markets
2024-01-04 04:45:00,1273847.94,959566.86,314281.09,5777918.16,FEDWIRE,Retail
2024-01-04 05:00:00,501608.46,874967.04,-373358.58,5665772.27,INTERNAL,Treasury
2024-01-04 05:15:00,759042.03,879019.59,-119977.56,5654998.19,ACH,Treasury
2024-01-04 05:30:00,1168974.55,972572.46,196402.09,5761840.48,FEDWIRE,Markets
2024-01-04 05:45:00,738472.82,633650.61,104822.21,5789475.39,ACH,Retail
2024-01-04 06:00:00,597181.61,1069327.96,-472146.36,5704212.54,FEDWIRE,Treasury
2024-01-04 06:15:00,827990.39,753001.95,74988.44,5715733.38,FEDWIRE,Retail
2024-01-04 06:30:00,770677.09,443308.49,327368.6,5724378.02,ACH,Treasury
2024-01-04 06:45:00,1296609.16,845540.75,451068.41,5763182.87,INTERNAL,Treasury
2024-01-04 07:00:00,1123913.1,714702.66,409210.44,5805171.82,FEDWIRE,Treasury
2024-01-04 07:15:00,897278.51,1386133.21,-488854.7,5678943.41,ACH,Retail
2024-01-04 07:30:00,839937.72,657343.8,182593.92,5777652.31,ACH,Markets
2024-01-04 07:45:00,992000.81,1310235.63,-318234.83,5719101.23,INTERNAL,Retail
2024-01-04 08:00:00,858103.3,1217688.91,-359585.61,5621107.25,FEDWIRE,Markets
2024-01-04 08:15:00,1201654.24,624170.67,577483.57,5747225.92,INTERNAL,Retail
2024-01-04 08:30:00,1146412.68,911831.83,234580.85,5840903.59,ACH,Retail
2024-01-04 08:45:00,799877.03,871052.64,-71175.61,5849455.83,ACH,Markets
2024-01-04 09:00:00,740391.3,1231849.39,-491458.09,5749666.39,INTERNAL,Treasury
2024-01-04 09:15:00,861863.53,849877.51,11986.02,5789873.68,FEDWIRE,Treasury
2024-01-04 09:30:00,1169224.35,891687.57,277536.78,5860665.2,INTERNAL,Markets
2024-01-04 09:45:00,1348388.1,867386.95,481001.15,5957307.63,FEDWIRE,Markets
2024-01-04 10:00:00,966359.89,920248.48,46111.41,5950614.14,FEDWIRE,Markets
2024-01-04 10:15:00,1183606.6,1284099.52,-100492.91,5917795.32,INTERNAL,Markets
2024-01-04 10:30:00,842347.05,1477698.93,-635351.88,5781189.42,FEDWIRE,Retail
2024-01-04 10:45:00,1036745.46,1090791.93,-54046.48,5796152.54,ACH,Markets
2024-01-04 11:00:00,715027.88,1077474.86,-362446.98,5749445.3,INTERNAL,Retail
2024-01-04 11:15:00,1265483.17,487790.45,777692.72,5898980.55,FEDWIRE,Treasury
2024-01-04 11:30:00,1365598.0,1024424.67,341173.33,5990818.85,FEDWIRE,Treasury
2024-01-04 11:45:00,993167.64,784834.95,208332.68,6011256.31,ACH,Markets
2024-01-04 12:00:00,1110116.04,633625.46,476490.58,6124526.55,ACH,Markets
2024-01-04 12:15:00,828820.78,1203362.75,-374541.97,6029620.61,FEDWIRE,Treasury
2024-01-04 12:30:00,1436719.7,1163974.65,272745.05,6077474.92,ACH,Retail
2024-01-04 12:45:00,1066519.1,686716.47,379802.64,6153241.42,ACH,Treasury
2024-01-04 13:00:00,1183009.03,597980.36,585028.67,6279870.51,ACH,Markets
2024-01-04 13:15:00,783306.94,998768.97,-215462.04,6201975.91,INTERNAL,Markets
2024-01-04 13:30:00,1258707.87,718601.04,540106.84,6298826.36,INTERNAL,Markets
2024-01-04 13:45:00,831003.19,1124705.35,-293702.15,6222247.09,ACH,Markets
2024-01-04 14:00:00,1052314.87,1228506.04,-176191.17,6190543.14,FEDWIRE,Markets
2024-01-04 14:15:00,1472754.05,1020562.99,452191.07,6295238.63,ACH,Retail
2024-01-04 14:30:00,722435.72,741475.0,-19039.28,6293302.24,ACH,Markets
2024-01-04 14:45:00,1055370.73,698807.59,356563.14,6367939.52,FEDWIRE,Treasury
2024-01-04 15:00:00,1368921.34,966890.69,402030.65,6502079.68,FEDWIRE,Markets
2024-01-04 15:15:00,944737.33,1063731.62,-118994.29,6472797.63,INTERNAL,Treasury
2024-01-04 15:30:00,1189442.05,987982.32,201459.73,6500698.24,ACH,Retail
2024-01-04 15:45:00,895647.62,970337.2,-74689.58,6506591.41,INTERNAL,Retail
2024-01-04 16:00:00,863079.67,542842.7,320236.97,6590129.54,FEDWIRE,Treasury
2024-01-04 16:15:00,723738.2,525159.58,198578.61,6624135.89,ACH,Markets
2024-01-04 16:30:00,1145127.07,1209020.53,-63893.46,6583988.4,INTERNAL,Retail
2024-01-04 16:45:00,1022563.91,838629.29,183934.62,6626523.87,ACH,Retail
2024-01-04 17:00:00,693873.29,1362648.5,-668775.21,6472956.73,INTERNAL,Markets
2024-01-04 17:15:00,1043676.51,971708.95,71967.56,6468274.8,ACH,Retail
2024-01-04 17:30:00,1326886.06,881921.36,444964.7,6595351.58,INTERNAL,Retail
2024-01-04 17:45:00,1274783.14,851856.46,422926.68,6686682.25,FEDWIRE,Treasury
2024-01-04 18:00:00,1023061.33,792710.66,230350.67,6745409.58,INTERNAL,Markets
2024-01-04 18:15:00,889331.71,1191987.72,-302656.01,6637119.47,INTERNAL,Treasury
2024-01-04 18:30:00,1061699.06,1119077.62,-57378.56,6584285.49,FEDWIRE,Treasury
2024-01-04 18:45:00,705148.06,810668.51,-105520.46,6546750.54,ACH,Treasury
2024-01-04 19:00:00,681827.11,947507.32,-265680.2,6488958.58,INTERNAL,Treasury
2024-01-04 19:15:00,943567.66,580638.5,362929.16,6550337.64,FEDWIRE,Markets
2024-01-04 19:30:00,1105034.17,1118987.04,-13952.87,6559824.07,INTERNAL,Retail
2024-01-04 19:45:00,1265641.29,630789.45,634851.84,6683321.09,FEDWIRE,Markets
2024-01-04 20:00:00,498625.5,976044.57,-477419.07,6590879.63,INTERNAL,Treasury
2024-01-04 20:15:00,736653.62,728517.44,8136.18,6614188.57,ACH,Retail
2024-01-04 20:30:00,571767.82,1101158.1,-529390.28,6500355.0,FEDWIRE,Retail
2024-01-04 20:45:00,784654.04,1045449.78,-260795.74,6456920.59,ACH,Treasury
2024-01-04 21:00:00,1091812.49,1012725.47,79087.02,6477174.48,FEDWIRE,Markets
2024-01-04 21:15:00,1002716.58,876827.67,125888.9,6506570.02,ACH,Retail
2024-01-04 21:30:00,1235876.35,715723.07,520153.28,6639893.22,INTERNAL,Treasury
2024-01-04 21:45:00,1254890.32,833725.76,421164.56,6706041.71,INTERNAL,Markets
2024-01-04 22:00:00,882795.93,742934.69,139861.24,6720910.35,FEDWIRE,Treasury
2024-01-04 22:15:00,1367117.66,427304.02,939813.65,6880535.36,FEDWIRE,Treasury
2024-01-04 22:30:00,1485967.97,556960.69,929007.29,7052188.01,INTERNAL,Markets
2024-01-04 22:45:00,1228151.65,729689.25,498462.4,7098978.83,ACH,Treasury
2024-01-04 23:00:00,692216.48,734852.95,-42636.48,7090425.39,FEDWIRE,Treasury
2024-01-04 23:15:00,582024.47,1136861.13,-554836.66,6949642.22,ACH,Retail
2024-01-04 23:30:00,940032.01,1258209.93,-318177.92,6884205.96,INTERNAL,Markets
2024-01-04 23:45:00,742216.34,928231.9,-186015.56,6819936.13,FEDWIRE,Treasury
2024-01-05 00:00:00,1262733.14,1001873.9,260859.24,6889149.79,INTERNAL,Retail
2024-01-05 00:15:00,852039.06,1461636.31,-609597.25,6768087.89,INTERNAL,Markets
2024-01-05 00:30:00,1162293.58,1712205.0,-549911.41,6610107.67,ACH,Retail
2024-01-05 00:45:00,1132364.08,1107090.52,25273.56,6639680.61,FEDWIRE,Retail
2024-01-05 01:00:00,775008.6,1196633.62,-421625.03,6532345.79,INTERNAL,Markets
2024-01-05 01:15:00,1069757.5,1174113.08,-104355.57,6493509.39,ACH,Markets
2024-01-05 01:30:00,896196.95,727509.33,168687.62,6511741.56,INTERNAL,Treasury
2024-01-05 01:45:00,939576.1,726933.37,212642.73,6486729.95,INTERNAL,Retail
2024-01-05 02:00:00,1203316.29,1072783.33,130532.95,6519169.98,FEDWIRE,Markets
2024-01-05 02:15:00,1036273.0,863122.14,173150.86,6601166.85,ACH,Treasury
2024-01-05 02:30:00,427889.87,1230887.32,-802997.45,6483002.06,FEDWIRE,Treasury
2024-01-05 02:45:00,1147221.69,940671.2,206550.49,6579011.54,FEDWIRE,Treasury
2024-01-05 03:00:00,815408.08,1310815.31,-495407.23,6451689.69,FEDWIRE,Treasury
2024-01-05 03:15:00,1429576.02,817020.39,612555.63,6589870.2,ACH,Retail
2024-01-05 03:30:00,1028085.92,897761.87,130324.05,6628701.44,ACH,Treasury
2024-01-05 03:45:00,970221.55,1210497.13,-240275.58,6563696.64,ACH,Markets
2024-01-05 04:00:00,1219978.57,1234331.36,-14352.79,6546029.71,ACH,Treasury
2024-01-05 04:15:00,980697.72,418045.67,562652.06,6667451.59,INTERNAL,Markets
2024-01-05 04:30:00,960898.76,881653.22,79245.54,6652794.59,ACH,Treasury
2024-01-05 04:45:00,1329431.96,1435900.39,-106468.43,6624126.85,INTERNAL,Retail
2024-01-05 05:00:00,1073370.67,785110.83,288259.85,6643526.54,INTERNAL,Treasury
2024-01-05 05:15:00,1773441.92,703922.68,1069519.24,6887229.83,FEDWIRE,Treasury
2024-01-05 05:30:00,1106358.83,744523.55,361835.28,7001419.07,INTERNAL,Retail
2024-01-05 05:45:00,1068207.39,932062.16,136145.23,7042928.83,FEDWIRE,Treasury
2024-01-05 06:00:00,497250.37,895025.63,-397775.26,6973201.24,FEDWIRE,Markets
2024-01-05 06:15:00,836828.12,1151964.62,-315136.5,6899847.4,FEDWIRE,Treasury
2024-01-05 06:30:00,1276539.45,1019955.81,256583.65,6986214.43,ACH,Markets
2024-01-05 06:45:00,1052299.0,802132.86,250166.14,7045523.09,FEDWIRE,Markets
2024-01-05 07:00:00,1137170.47,985285.39,151885.08,7097461.73,ACH,Treasury
2024-01-05 07:15:00,687005.39,1405828.54,-718823.14,6967614.13,INTERNAL,Retail
2024-01-05 07:30:00,453423.64,627612.98,-174189.34,6958664.16,INTERNAL,Retail
2024-01-05 07:45:00,1071544.13,938301.71,133242.43,6971422.11,ACH,Markets
2024-01-05 08:00:00,1250516.52,1028802.96,221713.56,7029780.33,FEDWIRE,Markets
2024-01-05 08:15:00,842736.51,645145.7,197590.82,7068634.53,ACH,Markets
2024-01-05 08:30:00,824093.48,1000066.4,-175972.92,7025059.43,ACH,Markets
2024-01-05 08:45:00,834789.1,1206760.35,-371971.24,6924202.28,INTERNAL,Markets
2024-01-05 09:00:00,1114302.06,757724.95,356577.11,7024707.53,ACH,Markets
2024-01-05 09:15:00,1011701.65,1413854.99,-402153.34,6933728.04,FEDWIRE,Treasury
2024-01-05 09:30:00,1067085.68,650380.78,416704.91,7032093.28,FEDWIRE,Retail
2024-01-05 09:45:00,499522.53,1383028.91,-883506.38,6860533.33,INTERNAL,Treasury
2024-01-05 10:00:00,1086880.37,1099632.43,-12752.06,6831280.8,FEDWIRE,Retail
2024-01-05 10:15:00,870864.86,868888.29,1976.57,6839075.99,ACH,Treasury
2024-01-05 10:30:00,1406762.9,497145.48,909617.42,7041521.51,FEDWIRE,Treasury
2024-01-05 10:45:00,1014647.16,1173267.35,-158620.19,7011204.96,FEDWIRE,Treasury
2024-01-05 11:00:00,873147.29,539105.03,334042.25,7086385.19,INTERNAL,Markets
2024-01-05 11:15:00,1113056.76,751176.32,361880.44,7177387.47,INTERNAL,Retail
2024-01-05 11:30:00,988683.41,442161.77,546521.64,7299793.44,FEDWIRE,Retail
2024-01-05 11:45:00,910619.96,1048223.61,-137603.65,7251156.35,INTERNAL,Treasury
2024-01-05 12:00:00,943823.15,829945.13,113878.02,7284060.76,ACH,Retail
2024-01-05 12:15:00,469101.4,961261.22,-492159.82,7208493.83,INTERNAL,Markets
2024-01-05 12:30:00,843361.84,1071402.32,-228040.48,7119979.47,INTERNAL,Retail
2024-01-05 12:45:00,1195565.67,963309.29,232256.38,7163243.27,FEDWIRE,Retail
2024-01-05 13:00:00,829099.34,798983.38,30115.96,7176014.92,INTERNAL,Markets
2024-01-05 13:15:00,1067016.98,928272.81,138744.17,7187982.64,INTERNAL,Retail
2024-01-05 13:30:00,956966.86,762790.57,194176.29,7223849.26,FEDWIRE,Treasury
2024-01-05 13:45:00,1197836.93,1503823.85,-305986.91,7142326.0,FEDWIRE,Retail
2024-01-05 14:00:00,1204266.08,462228.78,742037.3,7290921.02,ACH,Retail
2024-01-05 14:15:00,1213630.42,934679.43,278951.0,7370032.41,INTERNAL,Markets
2024-01-05 14:30:00,983234.15,1516690.15,-533456.0,7236222.67,ACH,Markets
2024-01-05 14:45:00,1036255.74,1144265.03,-108009.29,7189059.3,ACH,Markets
2024-01-05 15:00:00,1316634.11,816763.75,499870.35,7332626.03,ACH,Treasury
2024-01-05 15:15:00,1255009.62,806066.19,448943.43,7405901.28,INTERNAL,Retail
2024-01-05 15:30:00,1105808.86,796105.83,309703.03,7415236.86,FEDWIRE,Markets
2024-01-05 15:45:00,662907.43,1033467.05,-370559.62,7323368.18,FEDWIRE,Treasury
2024-01-05 16:00:00,1044722.4,537783.09,506939.3,7411581.38,ACH,Retail
2024-01-05 16:15:00,1287756.25,1074218.71,213537.53,7436299.19,FEDWIRE,Treasury
2024-01-05 16:30:00,1161122.46,546008.43,615114.04,7566602.7,INTERNAL,Treasury
2024-01-05 16:45:00,1243487.51,540835.37,702652.14,7718452.57,INTERNAL,Markets
2024-01-05 17:00:00,1085465.45,1040555.59,44909.86,7713042.44,ACH,Markets
2024-01-05 17:15:00,717140.37,953200.28,-236059.91,7713180.33,FEDWIRE,Treasury
2024-01-05 17:30:00,787330.02,1047818.6,-260488.58,7671010.82,ACH,Treasury
2024-01-05 17:45:00,1008052.13,759812.54,248239.59,7751034.05,FEDWIRE,Treasury
2024-01-05 18:00:00,859124.22,1058826.79,-199702.58,7743591.33,INTERNAL,Treasury
2024-01-05 18:15:00,1243302.47,719193.54,524108.93,7865549.52,FEDWIRE,Markets
2024-01-05 18:30:00,1083250.01,1399801.77,-316551.76,7809740.53,INTERNAL,Markets
2024-01-05 18:45:00,798982.76,759750.63,39232.13,7811823.8,ACH,Retail
2024-01-05 19:00:00,902188.82,769864.91,132323.91,7839121.74,ACH,Retail
2024-01-05 19:15:00,764907.99,1042681.46,-277773.47,7779997.11,INTERNAL,Markets
2024-01-05 19:30:00,1204461.35,1286729.1,-82267.75,7742388.15,ACH,Treasury
2024-01-05 19:45:00,946500.17,1281165.17,-334665.0,7677042.06,FEDWIRE,Treasury
2024-01-05 20:00:00,842500.3,490922.75,351577.55,7768206.56,INTERNAL,Treasury
2024-01-05 20:15:00,944492.03,1046991.54,-102499.51,7726470.87,INTERNAL,Retail
2024-01-05 20:30:00,965505.29,963937.31,1567.98,7718955.57,FEDWIRE,Treasury
2024-01-05 20:45:00,1076004.85,1476574.14,-400569.29,7640956.11,ACH,Markets
2024-01-05 21:00:00,1122942.5,1015111.81,107830.69,7664688.21,ACH,Markets
2024-01-05 21:15:00,967505.12,1127114.8,-159609.68,7606312.86,ACH,Treasury
2024-01-05 21:30:00,888278.93,1196671.23,-308392.3,7553267.81,INTERNAL,Retail
2024-01-05 21:45:00,892896.91,1170980.82,-278083.91,7444250.98,INTERNAL,Treasury
2024-01-05 22:00:00,1007511.7,389869.86,617641.85,7593706.77,FEDWIRE,Markets
2024-01-05 22:15:00,1408179.51,598584.85,809594.66,7772236.83,ACH,Markets
2024-01-05 22:30:00,1077276.11,936475.87,140800.24,7779082.08,INTERNAL,Retail
2024-01-05 22:45:00,1226798.65,922512.93,304285.73,7874934.47,INTERNAL,Treasury
2024-01-05 23:00:00,1177074.39,961856.67,215217.72,7917177.49,ACH,Markets
2024-01-05 23:15:00,1317997.55,1219745.05,98252.5,7951987.13,FEDWIRE,Markets
2024-01-05 23:30:00,1141608.67,365796.85,775811.82,8144031.01,FEDWIRE,Retail
2024-01-05 23:45:00,929050.06,1235981.59,-306931.54,8027143.28,ACH,Markets
2024-01-06 00:00:00,1087941.25,646098.68,441842.56,8076282.73,ACH,Retail
2024-01-06 00:15:00,847593.8,843043.02,4550.78,8056013.22,INTERNAL,Retail
2024-01-06 00:30:00,1025185.33,824947.37,200237.96,8108856.55,FEDWIRE,Treasury
2024-01-06 00:45:00,1208794.15,925850.73,282943.42,8187080.1,ACH,Markets
2024-01-06 01:00:00,1042268.95,1467642.97,-425374.02,8142114.66,FEDWIRE,Treasury
2024-01-06 01:15:00,1225827.79,920412.79,305415.01,8191553.49,FEDWIRE,Treasury
2024-01-06 01:30:00,1340527.74,937939.48,402588.26,8224597.02,ACH,Retail
2024-01-06 01:45:00,685666.2,1088294.58,-402628.38,8141568.84,ACH,Treasury
2024-01-06 02:00:00,1094522.94,498222.95,596299.99,8232797.31,ACH,Treasury
2024-01-06 02:15:00,1080753.74,867830.67,212923.07,8254116.66,ACH,Retail
2024-01-06 02:30:00,963347.51,1217410.68,-254063.17,8180891.25,INTERNAL,Retail
2024-01-06 02:45:00,925134.03,891012.36,34121.66,8191362.46,INTERNAL,Treasury
2024-01-06 03:00:00,1244497.6,669697.86,574799.74,8272385.83,INTERNAL,Markets
2024-01-06 03:15:00,1058897.45,949458.12,109439.33,8293569.2,INTERNAL,Retail
2024-01-06 03:30:00,1445935.68,844099.15,601836.53,8448919.54,FEDWIRE,Markets
2024-01-06 03:45:00,1625503.79,1172119.85,453383.94,8491031.0,ACH,Retail
2024-01-06 04:00:00,725545.45,1433524.47,-707979.02,8322889.77,FEDWIRE,Retail
2024-01-06 04:15:00,1510445.91,661563.94,848881.97,8542594.76,FEDWIRE,Markets
2024-01-06 04:30:00,1049795.97,773670.18,276125.79,8648186.47,ACH,Markets
2024-01-06 04:45:00,1000200.68,1262919.46,-262718.78,8602244.35,ACH,Treasury
2024-01-06 05:00:00,691785.8,916716.35,-224930.55,8520017.98,ACH,Treasury
2024-01-06 05:15:00,1390703.83,681525.39,709178.45,8640999.0,FEDWIRE,Markets
2024-01-06 05:30:00,1338282.32,608880.8,729401.52,8760443.82,ACH,Markets
2024-01-06 05:45:00,1202849.53,694269.49,508580.04,8893685.43,INTERNAL,Treasury
2024-01-06 06:00:00,1078636.58,1085750.04,-7113.46,8872183.5,ACH,Retail
2024-01-06 06:15:00,1038278.32,1136101.79,-97823.47,8849796.61,FEDWIRE,Retail
2024-01-06 06:30:00,795787.8,1088567.44,-292779.64,8802319.18,ACH,Retail
2024-01-06 06:45:00,498747.31,836977.76,-338230.45,8741459.45,FEDWIRE,Retail
2024-01-06 07:00:00,989725.56,408263.96,581461.6,8867492.09,ACH,Retail
2024-01-06 07:15:00,1083293.71,385971.12,697322.6,8959716.01,INTERNAL,Retail
2024-01-06 07:30:00,1199032.07,702753.33,496278.75,9072671.23,ACH,Treasury
2024-01-06 07:45:00,1120822.17,618523.25,502298.92,9161444.34,INTERNAL,Treasury
2024-01-06 08:00:00,1523343.15,715548.46,807794.7,9297810.01,ACH,Markets
2024-01-06 08:15:00,637057.66,1375533.62,-738475.96,9136634.37,ACH,Markets
2024-01-06 08:30:00,1139191.78,567856.63,571335.14,9255855.81,INTERNAL,Retail
2024-01-06 08:45:00,781934.32,1167899.2,-385964.88,9212000.75,INTERNAL,Markets
2024-01-06 09:00:00,1168713.46,1067115.57,101597.89,9229159.54,FEDWIRE,Retail
2024-01-06 09:15:00,919394.96,1259202.0,-339807.04,9153060.79,ACH,Retail
2024-01-06 09:30:00,938476.83,1303650.33,-365173.51,9035263.01,INTERNAL,Retail
2024-01-06 09:45:00,616029.89,788456.4,-172426.51,8982616.25,FEDWIRE,Markets
2024-01-06 10:00:00,903906.86,1164527.33,-260620.47,8927961.88,ACH,Retail
2024-01-06 10:15:00,1073666.06,1344797.02,-271130.96,8879307.04,FEDWIRE,Markets
2024-01-06 10:30:00,1183117.26,742817.08,440300.19,8977238.55,FEDWIRE,Treasury
2024-01-06 10:45:00,1567078.57,1510964.14,56114.43,8962493.78,INTERNAL,Markets
2024-01-06 11:00:00,1563028.92,506051.53,1056977.4,9188186.96,INTERNAL,Treasury
2024-01-06 11:15:00,1547904.15,694212.63,853691.51,9394352.98,ACH,Treasury
2024-01-06 11:30:00,1407124.01,802833.33,604290.68,9531194.75,FEDWIRE,Retail
2024-01-06 11:45:00,978829.62,990554.34,-11724.72,9515388.6,ACH,Retail
2024-01-06 12:00:00,970154.28,424202.22,545952.06,9605258.99,ACH,Retail
2024-01-06 12:15:00,1490386.94,1374005.91,116381.04,9614254.9,FEDWIRE,Treasury
2024-01-06 12:30:00,948260.6,859899.62,88360.98,9659574.67,INTERNAL,Retail
2024-01-06 12:45:00,1327635.76,929167.01,398468.75,9766580.23,FEDWIRE,Retail
2024-01-06 13:00:00,945953.49,1313113.8,-367160.32,9679039.54,FEDWIRE,Treasury
2024-01-06 13:15:00,988095.65,1170489.68,-182394.03,9655234.17,FEDWIRE,Treasury
2024-01-06 13:30:00,981335.77,1066831.24,-85495.48,9625384.07,FEDWIRE,Treasury
2024-01-06 13:45:00,1202552.86,986534.26,216018.6,9667497.7,ACH,Treasury
2024-01-06 14:00:00,1244045.82,793394.29,450651.53,9780718.31,INTERNAL,Treasury
2024-01-06 14:15:00,791604.97,990957.0,-199352.03,9744046.18,FEDWIRE,Retail
2024-01-06 14:30:00,1172310.71,1081688.48,90622.23,9767019.8,ACH,Retail
2024-01-06 14:45:00,1336900.74,829849.27,507051.47,9874281.67,ACH,Retail
2024-01-06 15:00:00,620055.93,828812.81,-208756.88,9817912.43,ACH,Retail
2024-01-06 15:15:00,1258966.63,663517.18,595449.45,9959894.94,ACH,Markets
2024-01-06 15:30:00,974407.68,928574.76,45832.92,9979216.35,INTERNAL,Treasury
2024-01-06 15:45:00,349070.51,1169049.3,-819978.79,9807357.57,INTERNAL,Retail
2024-01-06 16:00:00,1212171.13,1268851.36,-56680.23,9761495.67,INTERNAL,Treasury
2024-01-06 16:15:00,911667.44,713663.29,198004.15,9805416.58,ACH,Retail
2024-01-06 16:30:00,1063208.7,900226.31,162982.4,9848777.38,FEDWIRE,Retail
2024-01-06 16:45:00,934467.52,957186.87,-22719.35,9814204.9,ACH,Treasury
2024-01-06 17:00:00,1065356.31,1099718.07,-34361.76,9835254.3,FEDWIRE,Markets
2024-01-06 17:15:00,691487.19,928641.03,-237153.84,9837022.14,ACH,Retail
2024-01-06 17:30:00,707577.61,899308.35,-191730.74,9796901.39,INTERNAL,Retail
2024-01-06 17:45:00,1085177.96,1111476.55,-26298.59,9790590.46,ACH,Markets
2024-01-06 18:00:00,847315.23,1039127.7,-191812.47,9781086.46,FEDWIRE,Retail
2024-01-06 18:15:00,1471504.84,1069277.82,402227.03,9861932.74,ACH,Treasury
2024-01-06 18:30:00,1133506.19,205578.08,927928.12,10036523.88,FEDWIRE,Markets
2024-01-06 18:45:00,994475.16,965909.06,28566.1,9987927.93,ACH,Markets
2024-01-06 19:00:00,858238.91,1361242.58,-503003.68,9891011.83,FEDWIRE,Retail
2024-01-06 19:15:00,766356.0,1206145.14,-439789.13,9844383.07,FEDWIRE,Markets
2024-01-06 19:30:00,1194756.68,1252308.41,-57551.73,9855219.74,ACH,Retail
2024-01-06 19:45:00,683659.99,1148084.65,-464424.66,9778051.12,INTERNAL,Treasury
2024-01-06 20:00:00,964127.71,985170.24,-21042.53,9785817.83,INTERNAL,Markets
2024-01-06 20:15:00,1143596.18,915425.63,228170.54,9834357.31,FEDWIRE,Retail
2024-01-06 20:30:00,879063.19,1020614.73,-141551.54,9809666.47,INTERNAL,Treasury
2024-01-06 20:45:00,446118.34,1008453.29,-562334.95,9686981.21,INTERNAL,Retail
2024-01-06 21:00:00,817996.93,938551.05,-120554.12,9667037.43,ACH,Retail
2024-01-06 21:15:00,1277562.79,1304388.74,-26825.94,9681961.78,FEDWIRE,Retail
2024-01-06 21:30:00,947023.23,1176280.36,-229257.12,9661533.84,FEDWIRE,Treasury
2024-01-06 21:45:00,1079409.73,828915.52,250494.2,9727696.35,ACH,Treasury
2024-01-06 22:00:00,481999.56,491447.14,-9447.59,9715073.15,FEDWIRE,Retail
2024-01-06 22:15:00,725642.16,950547.43,-224905.27,9658205.56,INTERNAL,Retail
2024-01-06 22:30:00,367809.69,577958.92,-210149.24,9580412.09,ACH,Retail
2024-01-06 22:45:00,1007245.33,1246650.32,-239404.99,9535385.99,ACH,Retail
2024-01-06 23:00:00,1210780.17,733860.64,476919.54,9692688.14,ACH,Retail
2024-01-06 23:15:00,785479.56,813476.57,-27997.01,9669169.68,FEDWIRE,Markets
2024-01-06 23:30:00,1255530.47,799565.57,455964.9,9719358.64,ACH,Retail
2024-01-06 23:45:00,1406091.66,626092.96,779998.7,9942043.44,INTERNAL,Retail
2024-01-07 00:00:00,832915.09,740531.57,92383.52,10015768.28,INTERNAL,Markets
2024-01-07 00:15:00,874909.77,855810.48,19099.29,9994766.05,ACH,Markets
2024-01-07 00:30:00,1159229.17,1093897.75,65331.42,9969587.17,FEDWIRE,Retail
2024-01-07 00:45:00,698260.43,849441.99,-151181.55,9948543.87,INTERNAL,Treasury
2024-01-07 01:00:00,1035157.28,550639.16,484518.11,10039342.78,ACH,Treasury
2024-01-07 01:15:00,1084489.9,912107.1,172382.8,10081296.19,INTERNAL,Retail
2024-01-07 01:30:00,1195047.73,729274.48,465773.26,10173316.22,INTERNAL,Treasury
2024-01-07 01:45:00,777694.85,1081850.41,-304155.56,10128639.54,INTERNAL,Markets
2024-01-07 02:00:00,1055437.79,661194.24,394243.54,10201981.75,INTERNAL,Retail
2024-01-07 02:15:00,693866.56,839418.62,-145552.06,10206893.85,FEDWIRE,Retail
2024-01-07 02:30:00,705186.96,873628.94,-168441.98,10143584.75,INTERNAL,Retail
2024-01-07 02:45:00,780121.25,685148.44,94972.81,10125138.5,ACH,Retail
2024-01-07 03:00:00,1081107.22,1002754.2,78353.02,10215677.73,INTERNAL,Treasury
2024-01-07 03:15:00,1115474.5,1243870.15,-128395.65,10187730.13,INTERNAL,Retail
2024-01-07 03:30:00,590065.41,769086.89,-179021.49,10166571.49,FEDWIRE,Treasury
2024-01-07 03:45:00,724569.49,605753.53,118815.95,10186759.49,INTERNAL,Treasury
2024-01-07 04:00:00,906937.29,1153427.75,-246490.46,10166018.35,INTERNAL,Markets
2024-01-07 04:15:00,1090820.73,495009.17,595811.56,10297538.29,INTERNAL,Treasury
2024-01-07 04:30:00,1135332.67,900740.41,234592.26,10356148.88,INTERNAL,Markets
2024-01-07 04:45:00,1102243.77,944300.39,157943.38,10374223.38,ACH,Markets
2024-01-07 05:00:00,474968.0,507768.14,-32800.14,10402888.17,FEDWIRE,Treasury
2024-01-07 05:15:00,1062714.06,826167.56,236546.5,10428533.01,ACH,Retail
2024-01-07 05:30:00,1008441.8,516141.96,492299.84,10504495.65,FEDWIRE,Treasury
2024-01-07 05:45:00,1153914.41,782018.02,371896.39,10574827.49,INTERNAL,Treasury
2024-01-07 06:00:00,627665.15,1218476.78,-590811.63,10441572.73,INTERNAL,Retail
2024-01-07 06:15:00,1449689.06,930982.92,518706.14,10536170.9,FEDWIRE,Retail
2024-01-07 06:30:00,1084164.26,717366.41,366797.84,10603665.74,ACH,Markets
2024-01-07 06:45:00,535446.66,573683.3,-38236.65,10602023.79,ACH,Retail
2024-01-07 07:00:00,922449.33,950082.42,-27633.09,10636551.85,FEDWIRE,Markets
2024-01-07 07:15:00,1081646.17,1018891.81,62754.36,10648329.27,INTERNAL,Retail
2024-01-07 07:30:00,1145960.12,1307255.63,-161295.51,10604803.05,ACH,Retail
2024-01-07 07:45:00,995814.82,711147.87,284666.95,10634344.33,INTERNAL,Retail
2024-01-07 08:00:00,1052128.72,510588.84,541539.87,10750842.94,FEDWIRE,Treasury
2024-01-07 08:15:00,1241471.78,954572.42,286899.36,10803543.17,INTERNAL,Markets
2024-01-07 08:30:00,1018378.61,1018230.75,147.87,10816853.87,ACH,Treasury
2024-01-07 08:45:00,1439210.21,353367.8,1085842.41,11022750.36,ACH,Markets
2024-01-07 09:00:00,929006.83,1042327.93,-113321.1,11018137.72,INTERNAL,Retail
2024-01-07 09:15:00,1382049.69,1123504.13,258545.56,11119451.84,INTERNAL,Retail
2024-01-07 09:30:00,911685.32,1153807.15,-242121.83,11086324.22,ACH,Retail
2024-01-07 09:45:00,815488.77,783982.54,31506.22,11077650.32,FEDWIRE,Retail
2024-01-07 10:00:00,1046290.76,932400.67,113890.09,11121299.83,ACH,Treasury
2024-01-07 10:15:00,950205.63,598788.98,351416.65,11203695.57,ACH,Markets
2024-01-07 10:30:00,729267.05,1112084.61,-382817.55,11104168.62,INTERNAL,Retail
2024-01-07 10:45:00,911474.98,967825.22,-56350.24,11103784.43,FEDWIRE,Retail
2024-01-07 11:00:00,906336.68,897886.03,8450.66,11136752.9,ACH,Retail
2024-01-07 11:15:00,1105477.66,832656.44,272821.23,11214148.03,ACH,Markets
2024-01-07 11:30:00,934366.85,684751.08,249615.77,11282527.35,FEDWIRE,Markets
2024-01-07 11:45:00,830794.04,901847.96,-71053.93,11244576.84,INTERNAL,Retail
2024-01-07 12:00:00,697035.32,1100494.95,-403459.63,11155526.01,FEDWIRE,Markets
2024-01-07 12:15:00,1156093.74,1005071.06,151022.68,11210002.91,ACH,Retail
2024-01-07 12:30:00,1258973.33,984352.2,274621.13,11205849.65,FEDWIRE,Markets
2024-01-07 12:45:00,772947.36,716175.18,56772.19,11236670.95,FEDWIRE,Treasury
2024-01-07 13:00:00,818889.77,724891.58,93998.19,11249535.61,INTERNAL,Treasury
2024-01-07 13:15:00,483002.23,897802.78,-414800.56,11168034.88,FEDWIRE,Markets
2024-01-07 13:30:00,1205444.76,692850.11,512594.64,11277747.57,ACH,Treasury
2024-01-07 13:45:00,934213.33,1291724.49,-357511.15,11199032.58,INTERNAL,Treasury
2024-01-07 14:00:00,885889.91,287704.01,598185.9,11334290.55,INTERNAL,Treasury
2024-01-07 14:15:00,1542592.02,862631.85,679960.16,11507741.39,INTERNAL,Markets
2024-01-07 14:30:00,796378.28,1423537.93,-627159.65,11355309.69,ACH,Treasury
2024-01-07 14:45:00,988219.87,996453.94,-8234.07,11312432.15,FEDWIRE,Retail
2024-01-07 15:00:00,1010088.61,926086.59,84002.02,11388935.91,FEDWIRE,Retail
2024-01-07 15:15:00,914481.71,1051855.41,-137373.7,11383664.58,INTERNAL,Retail
2024-01-07 15:30:00,904191.1,784781.52,119409.58,11414601.96,FEDWIRE,Treasury
2024-01-07 15:45:00,1006525.35,887925.36,118599.99,11437820.79,INTERNAL,Markets
2024-01-07 16:00:00,1012169.19,684607.18,327562.01,11504823.49,ACH,Retail
2024-01-07 16:15:00,1174755.14,977318.26,197436.88,11532156.63,ACH,Markets
2024-01-07 16:30:00,1021408.65,1403692.36,-382283.71,11467853.59,FEDWIRE,Retail
2024-01-07 16:45:00,736430.63,715108.06,21322.57,11452323.39,INTERNAL,Treasury
2024-01-07 17:00:00,927565.39,903072.77,24492.62,11494670.88,ACH,Retail
2024-01-07 17:15:00,723262.73,600705.69,122557.05,11524526.22,ACH,Treasury
2024-01-07 17:30:00,968397.32,612918.14,355479.17,11619660.79,ACH,Treasury
2024-01-07 17:45:00,805991.43,772441.26,33550.16,11573531.09,INTERNAL,Retail
2024-01-07 18:00:00,686461.22,959682.87,-273221.65,11534250.42,INTERNAL,Markets
2024-01-07 18:15:00,1081793.78,1010057.38,71736.4,11558702.49,INTERNAL,Retail
2024-01-07 18:30:00,882684.45,748358.18,134326.28,11573478.2,INTERNAL,Treasury
2024-01-07 18:45:00,755252.16,1234680.07,-479427.91,11469781.07,ACH,Markets
2024-01-07 19:00:00,1199846.99,1047974.72,151872.28,11471503.61,INTERNAL,Markets
2024-01-07 19:15:00,824233.08,994934.3,-170701.22,11409993.51,ACH,Retail
2024-01-07 19:30:00,1065286.84,1188075.52,-122788.69,11383427.48,ACH,Markets
2024-01-07 19:45:00,889395.98,1232741.32,-343345.34,11291316.04,FEDWIRE,Markets
2024-01-07 20:00:00,888772.49,802458.25,86314.24,11305581.31,FEDWIRE,Markets
2024-01-07 20:15:00,441534.87,981064.51,-539529.65,11132277.84,INTERNAL,Treasury
2024-01-07 20:30:00,1217789.77,1323061.18,-105271.41,11142251.14,INTERNAL,Markets
2024-01-07 20:45:00,1320872.86,1112632.84,208240.03,11137457.33,ACH,Retail
2024-01-07 21:00:00,1219811.29,992635.22,227176.07,11138770.24,FEDWIRE,Markets
2024-01-07 21:15:00,891156.74,1060823.03,-169666.29,11121127.91,ACH,Treasury
2024-01-07 21:30:00,1253598.28,1237215.84,16382.44,11134279.11,INTERNAL,Retail
2024-01-07 21:45:00,825976.29,1040624.5,-214648.21,11046195.76,ACH,Treasury
2024-01-07 22:00:00,1024204.33,1063491.18,-39286.86,11007306.68,INTERNAL,Retail
2024-01-07 22:15:00,889170.25,1266004.52,-376834.27,10942164.82,ACH,Treasury
2024-01-07 22:30:00,904369.26,967833.61,-63464.35,10943145.77,INTERNAL,Retail
2024-01-07 22:45:00,1057193.51,1107701.0,-50507.49,10951799.95,ACH,Markets
2024-01-07 23:00:00,1007277.63,823667.73,183609.9,10998791.8,FEDWIRE,Markets
2024-01-07 23:15:00,924322.39,892278.66,32043.73,11025850.98,INTERNAL,Treasury
2024-01-07 23:30:00,1060216.68,909937.66,150279.02,11034641.32,INTERNAL,Treasury
2024-01-07 23:45:00,1241271.34,853527.75,387743.59,11133640.09,FEDWIRE,Treasury
2024-01-08 00:00:00,968466.28,896079.54,72386.74,11174293.93,INTERNAL,Treasury
2024-01-08 00:15:00,1375172.68,900834.78,474337.89,11265724.49,FEDWIRE,Retail
2024-01-08 00:30:00,992944.42,801999.63,190944.79,11289765.88,FEDWIRE,Treasury
2024-01-08 00:45:00,729941.2,769772.46,-39831.26,11290030.19,FEDWIRE,Markets
2024-01-08 01:00:00,1493846.17,769153.9,724692.27,11436910.33,INTERNAL,Markets
2024-01-08 01:15:00,1071587.38,714696.5,356890.88,11466464.22,INTERNAL,Treasury
2024-01-08 01:30:00,864590.69,1106381.61,-241790.93,11410386.6,INTERNAL,Retail
2024-01-08 01:45:00,1094095.23,1325032.96,-230937.73,11349021.4,FEDWIRE,Treasury
2024-01-08 02:00:00,1058650.4,907882.67,150767.73,11379939.95,FEDWIRE,Treasury
2024-01-08 02:15:00,715556.27,1163483.25,-447926.97,11291194.52,FEDWIRE,Markets
2024-01-08 02:30:00,948108.92,682912.0,265196.92,11318297.66,ACH,Markets
2024-01-08 02:45:00,1368432.98,1218241.72,150191.26,11336882.99,FEDWIRE,Markets
2024-01-08 03:00:00,1320007.34,885744.78,434262.56,11422011.2,INTERNAL,Retail
2024-01-08 03:15:00,1089697.06,1212316.52,-122619.46,11417641.6,FEDWIRE,Treasury
2024-01-08 03:30:00,764226.96,802490.91,-38263.95,11418900.64,INTERNAL,Markets
2024-01-08 03:45:00,983605.26,709895.87,273709.4,11454279.08,FEDWIRE,Treasury
2024-01-08 04:00:00,919341.4,1064529.3,-145187.9,11397462.21,FEDWIRE,Retail
2024-01-08 04:15:00,1272618.1,764758.33,507859.77,11524694.72,INTERNAL,Treasury
2024-01-08 04:30:00,1299781.35,1335010.4,-35229.05,11516229.86,INTERNAL,Retail
2024-01-08 04:45:00,1264294.4,1340613.98,-76319.58,11495682.53,INTERNAL,Retail
2024-01-08 05:00:00,913574.86,984936.92,-71362.06,11507472.82,ACH,Retail
2024-01-08 05:15:00,1168974.87,1064529.85,104445.02,11502644.57,FEDWIRE,Retail
2024-01-08 05:30:00,895441.51,845301.66,50139.85,11456212.27,FEDWIRE,Markets
2024-01-08 05:45:00,979697.42,969928.18,9769.24,11418093.14,INTERNAL,Markets
2024-01-08 06:00:00,972320.77,579860.29,392460.48,11501031.0,ACH,Treasury
2024-01-08 06:15:00,919431.05,751180.84,168250.21,11526217.82,INTERNAL,Treasury
2024-01-08 06:30:00,1095922.52,881397.91,214524.61,11573858.52,ACH,Markets
2024-01-08 06:45:00,1057969.38,580916.75,477052.63,11724665.68,FEDWIRE,Markets
2024-01-08 07:00:00,581496.24,571542.29,9953.95,11741943.68,FEDWIRE,Retail
2024-01-08 07:15:00,848008.69,1030331.64,-182322.95,11695759.65,INTERNAL,Retail
2024-01-08 07:30:00,758241.72,567191.03,191050.69,11666106.84,INTERNAL,Treasury
2024-01-08 07:45:00,1186915.02,505312.37,681602.65,11786735.94,ACH,Treasury
2024-01-08 08:00:00,632802.62,858542.37,-225739.75,11731500.97,ACH,Markets
2024-01-08 08:15:00,932539.68,618661.65,313878.03,11785832.54,FEDWIRE,Retail
2024-01-08 08:30:00,1561655.77,1118464.85,443190.91,11853059.7,INTERNAL,Markets
2024-01-08 08:45:00,833364.24,397143.07,436221.18,11931181.28,FEDWIRE,Markets
2024-01-08 09:00:00,1116974.89,997482.66,119492.23,11989127.91,ACH,Retail
2024-01-08 09:15:00,553977.67,1114474.22,-560496.55,11863411.51,INTERNAL,Treasury
2024-01-08 09:30:00,1049351.23,999538.82,49812.4,11872709.22,INTERNAL,Markets
2024-01-08 09:45:00,1037165.08,574677.55,462487.52,11963763.3,ACH,Treasury
2024-01-08 10:00:00,1149769.3,906807.08,242962.22,12016631.62,FEDWIRE,Markets
2024-01-08 10:15:00,1060164.14,929969.06,130195.08,12051342.9,ACH,Markets
2024-01-08 10:30:00,1047949.73,787340.56,260609.17,12136874.31,ACH,Markets
2024-01-08 10:45:00,1085130.07,1383805.48,-298675.4,12061668.53,FEDWIRE,Markets
2024-01-08 11:00:00,583903.75,840051.96,-256148.22,11988365.24,INTERNAL,Markets
2024-01-08 11:15:00,786051.52,1489225.22,-703173.7,11850681.67,FEDWIRE,Retail
2024-01-08 11:30:00,1076872.13,1125182.45,-48310.32,11801595.95,FEDWIRE,Markets
2024-01-08 11:45:00,1219575.78,876030.14,343545.64,11880384.06,FEDWIRE,Retail
2024-01-08 12:00:00,1017375.82,970145.57,47230.25,11846069.5,ACH,Markets
2024-01-08 12:15:00,913339.95,1429381.5,-516041.55,11740361.12,INTERNAL,Treasury
2024-01-08 12:30:00,1400772.67,1368386.75,32385.92,11723516.41,ACH,Retail
2024-01-08 12:45:00,1077128.42,656389.57,420738.84,11785098.06,ACH,Retail
2024-01-08 13:00:00,1154817.53,863944.04,290873.49,11848689.29,ACH,Retail
2024-01-08 13:15:00,644326.83,1170500.23,-526173.4,11760424.42,FEDWIRE,Markets
2024-01-08 13:30:00,922244.99,1079430.45,-157185.46,11701336.47,FEDWIRE,Treasury
2024-01-08 13:45:00,1120507.8,1389253.31,-268745.51,11648056.95,INTERNAL,Retail
2024-01-08 14:00:00,1338170.32,826629.13,511541.19,11756405.33,FEDWIRE,Markets
2024-01-08 14:15:00,1031885.01,771406.34,260478.67,11792343.6,INTERNAL,Treasury
2024-01-08 14:30:00,558589.35,1320375.17,-761785.82,11647423.52,INTERNAL,Retail
2024-01-08 14:45:00,772875.47,884421.67,-111546.19,11636169.8,FEDWIRE,Treasury
2024-01-08 15:00:00,1028143.58,764207.27,263936.31,11714236.56,FEDWIRE,Markets
2024-01-08 15:15:00,915585.01,1280990.01,-365405.01,11598140.57,FEDWIRE,Treasury
2024-01-08 15:30:00,877827.87,750702.68,127125.19,11656601.09,FEDWIRE,Treasury
2024-01-08 15:45:00,1080078.37,924899.67,155178.7,11687400.82,INTERNAL,Treasury
2024-01-08 16:00:00,903140.9,768457.38,134683.52,11688932.37,INTERNAL,Markets
2024-01-08 16:15:00,995684.71,842452.45,153232.26,11691304.99,FEDWIRE,Treasury
2024-01-08 16:30:00,1197837.4,987951.6,209885.8,11749335.0,ACH,Markets
2024-01-08 16:45:00,1142226.47,928557.9,213668.58,11800234.41,INTERNAL,Treasury
2024-01-08 17:00:00,1094550.63,617522.29,477028.34,11898799.17,ACH,Treasury
2024-01-08 17:15:00,1133356.58,721311.43,412045.15,11978106.43,INTERNAL,Markets
2024-01-08 17:30:00,1105675.32,933568.76,172106.56,11986046.29,INTERNAL,Treasury
2024-01-08 17:45:00,720358.38,688412.5,31945.88,11981820.62,FEDWIRE,Markets
2024-01-08 18:00:00,899053.97,908059.2,-9005.23,11997247.98,ACH,Treasury
2024-01-08 18:15:00,1245616.59,875080.96,370535.63,12082336.59,ACH,Retail
2024-01-08 18:30:00,1238773.61,1241223.24,-2449.63,12069719.93,INTERNAL,Markets
2024-01-08 18:45:00,1355651.42,651735.59,703915.82,12184713.79,INTERNAL,Retail
2024-01-08 19:00:00,811181.52,1182153.11,-370971.58,12142860.49,ACH,Retail
2024-01-08 19:15:00,1358286.03,682825.52,675460.51,12243483.62,INTERNAL,Retail
2024-01-08 19:30:00,1161068.79,1159732.15,1336.64,12190701.57,FEDWIRE,Retail
2024-01-08 19:45:00,1226768.74,895774.62,330994.12,12261967.31,INTERNAL,Treasury
2024-01-08 20:00:00,1149043.44,715555.27,433488.17,12283920.76,FEDWIRE,Markets
2024-01-08 20:15:00,1442586.4,1092609.41,349976.98,12310524.9,FEDWIRE,Treasury
2024-01-08 20:30:00,785789.33,819802.96,-34013.63,12283420.86,INTERNAL,Markets
2024-01-08 20:45:00,1003308.03,612036.7,391271.33,12343474.09,INTERNAL,Markets
2024-01-08 21:00:00,1108264.63,1136419.17,-28154.54,12363427.67,FEDWIRE,Treasury
2024-01-08 21:15:00,830134.71,1179340.09,-349205.38,12299609.38,ACH,Retail
2024-01-08 21:30:00,1051445.61,1025802.34,25643.27,12289850.62,ACH,Retail
2024-01-08 21:45:00,950769.03,332666.98,618102.04,12386848.64,FEDWIRE,Markets
2024-01-08 22:00:00,1114664.11,1054938.91,59725.2,12413245.46,INTERNAL,Retail
2024-01-08 22:15:00,772239.35,720727.31,51512.04,12414037.42,FEDWIRE,Markets
2024-01-08 22:30:00,997890.93,1008549.39,-10658.46,12413391.11,INTERNAL,Treasury
2024-01-08 22:45:00,914915.23,1005617.67,-90702.44,12426380.45,INTERNAL,Treasury
2024-01-08 23:00:00,453847.07,922479.4,-468632.33,12344139.43,ACH,Markets
2024-01-08 23:15:00,1025591.73,886546.86,139044.87,12351915.97,INTERNAL,Retail
2024-01-08 23:30:00,541101.23,1309029.46,-767928.24,12234910.13,INTERNAL,Treasury
2024-01-08 23:45:00,1272018.27,1012770.29,259247.98,12298892.19,ACH,Treasury
2024-01-09 00:00:00,1272626.68,1236295.3,36331.38,12305881.29,INTERNAL,Markets
2024-01-09 00:15:00,683926.4,1135798.56,-451872.16,12222259.93,FEDWIRE,Treasury
2024-01-09 00:30:00,1297194.65,1253096.68,44097.97,12204645.67,FEDWIRE,Retail
2024-01-09 00:45:00,585994.67,402423.18,183571.49,12249271.98,INTERNAL,Treasury
2024-01-09 01:00:00,1042337.47,1248464.31,-206126.83,12150801.18,FEDWIRE,Treasury
2024-01-09 01:15:00,917102.35,468931.89,448170.45,12244041.29,ACH,Retail
2024-01-09 01:30:00,1104704.47,1403749.99,-299045.52,12174429.59,ACH,Treasury
2024-01-09 01:45:00,945604.05,698445.34,247158.71,12191944.46,FEDWIRE,Treasury
2024-01-09 02:00:00,753139.55,1286551.6,-533412.04,12083430.79,ACH,Markets
2024-01-09 02:15:00,1258706.35,1207453.67,51252.68,12066970.73,ACH,Markets
2024-01-09 02:30:00,1250188.24,870701.34,379486.9,12141903.34,FEDWIRE,Retail
2024-01-09 02:45:00,1121206.26,507272.68,613933.58,12253826.81,ACH,Treasury
2024-01-09 03:00:00,1170562.61,984525.71,186036.9,12301570.38,FEDWIRE,Markets
2024-01-09 03:15:00,525246.16,1288815.14,-763568.98,12215873.15,INTERNAL,Retail
2024-01-09 03:30:00,914321.9,853408.14,60913.76,12221531.33,INTERNAL,Retail
2024-01-09 03:45:00,852583.92,1002963.49,-150379.57,12162528.68,INTERNAL,Treasury
2024-01-09 04:00:00,824674.82,525173.5,299501.32,12233599.72,ACH,Treasury
2024-01-09 04:15:00,1023072.17,1013381.88,9690.29,12263956.39,INTERNAL,Markets
2024-01-09 04:30:00,485626.1,1095451.5,-609825.4,12108313.25,INTERNAL,Markets
2024-01-09 04:45:00,733158.24,1119783.77,-386625.54,12012152.09,FEDWIRE,Markets
2024-01-09 05:00:00,847445.21,760837.24,86607.97,12029986.43,FEDWIRE,Retail
2024-01-09 05:15:00,1185176.53,884412.47,300764.06,12072626.25,INTERNAL,Markets
2024-01-09 05:30:00,1249127.39,1056299.29,192828.11,12082039.22,FEDWIRE,Treasury
2024-01-09 05:45:00,1455384.8,1041050.77,414334.02,12122425.19,FEDWIRE,Markets
2024-01-09 06:00:00,785099.92,1004215.26,-219115.33,12065567.78,INTERNAL,Treasury
2024-01-09 06:15:00,1086955.43,592203.2,494752.23,12179685.81,ACH,Markets
2024-01-09 06:30:00,760027.25,1197557.82,-437530.57,12082474.85,INTERNAL,Retail
2024-01-09 06:45:00,1321910.29,790274.67,531635.62,12220767.32,ACH,Treasury
2024-01-09 07:00:00,661389.3,1251030.89,-589641.59,12162912.88,FEDWIRE,Markets
2024-01-09 07:15:00,1233647.19,895229.9,338417.29,12250147.39,FEDWIRE,Markets
2024-01-09 07:30:00,997368.93,1007928.28,-10559.35,12265071.45,ACH,Treasury
2024-01-09 07:45:00,1098898.24,729518.23,369380.01,12379586.06,ACH,Treasury
2024-01-09 08:00:00,1184024.6,705980.27,478044.33,12445608.33,ACH,Retail
2024-01-09 08:15:00,1480799.55,931123.24,549676.32,12531099.3,INTERNAL,Retail
2024-01-09 08:30:00,1017862.99,735724.42,282138.57,12536186.22,FEDWIRE,Retail
2024-01-09 08:45:00,678073.0,824791.28,-146718.28,12499029.06,INTERNAL,Treasury
2024-01-09 09:00:00,665510.27,1075303.22,-409792.95,12425541.44,ACH,Treasury
2024-01-09 09:15:00,692317.42,443074.69,249242.73,12508487.98,INTERNAL,Retail
2024-01-09 09:30:00,1069235.42,989565.55,79669.87,12530267.35,ACH,Treasury
2024-01-09 09:45:00,1190179.19,935485.01,254694.18,12606512.15,ACH,Treasury
2024-01-09 10:00:00,1044843.7,1594309.63,-549465.93,12485550.07,INTERNAL,Markets
2024-01-09 10:15:00,540426.15,924488.61,-384062.46,12410798.47,FEDWIRE,Markets
2024-01-09 10:30:00,1078798.78,911442.55,167356.24,12469735.22,INTERNAL,Retail
2024-01-09 10:45:00,1050024.65,1016697.02,33327.62,12466077.15,FEDWIRE,Retail
2024-01-09 11:00:00,534280.55,738012.3,-203731.75,12426940.91,INTERNAL,Treasury
2024-01-09 11:15:00,1350986.31,901794.2,449192.11,12501499.3,FEDWIRE,Markets
2024-01-09 11:30:00,799666.98,925882.8,-126215.83,12479476.4,INTERNAL,Markets
2024-01-09 11:45:00,1540993.75,941394.07,599599.68,12657041.98,FEDWIRE,Markets
2024-01-09 12:00:00,888829.6,861401.91,27427.7,12720909.84,FEDWIRE,Treasury
2024-01-09 12:15:00,966430.49,1036383.58,-69953.09,12672670.78,ACH,Retail
2024-01-09 12:30:00,1287178.83,981715.17,305463.66,12760604.91,FEDWIRE,Retail
2024-01-09 12:45:00,1175842.82,841821.35,334021.47,12839080.36,FEDWIRE,Retail
2024-01-09 13:00:00,989273.1,772717.76,216555.34,12861910.31,FEDWIRE,Treasury
2024-01-09 13:15:00,908357.92,898906.09,9451.84,12895929.39,INTERNAL,Markets
2024-01-09 13:30:00,1158567.96,1076656.37,81911.59,12976686.92,ACH,Treasury
2024-01-09 13:45:00,1069547.67,1071374.57,-1826.89,12977432.79,ACH,Markets
2024-01-09 14:00:00,1115733.36,822344.12,293389.24,13030164.01,ACH,Markets
2024-01-09 14:15:00,1209057.22,1078285.22,130771.99,13102368.03,INTERNAL,Retail
2024-01-09 14:30:00,961743.52,709805.12,251938.4,13164344.93,INTERNAL,Retail
2024-01-09 14:45:00,672074.3,849902.19,-177827.89,13120815.1,FEDWIRE,Treasury
2024-01-09 15:00:00,896164.12,1048966.1,-152801.98,13103477.47,FEDWIRE,Retail
2024-01-09 15:15:00,1357644.06,1030093.34,327550.72,13155829.83,INTERNAL,Markets
2024-01-09 15:30:00,1200228.25,1085764.98,114463.28,13229776.55,FEDWIRE,Retail
2024-01-09 15:45:00,1098881.98,1075492.59,23389.38,13282571.34,ACH,Retail
2024-01-09 16:00:00,915499.53,868889.92,46609.62,13263669.48,FEDWIRE,Markets
2024-01-09 16:15:00,1038865.29,1131090.3,-92225.01,13186794.19,ACH,Treasury
2024-01-09 16:30:00,960398.47,1137043.38,-176644.92,13172125.7,INTERNAL,Treasury
2024-01-09 16:45:00,733247.42,922630.6,-189383.17,13123941.43,ACH,Treasury
2024-01-09 17:00:00,1017639.72,920377.99,97261.73,13174931.84,FEDWIRE,Markets
2024-01-09 17:15:00,876955.9,1294417.46,-417461.56,13069313.6,ACH,Treasury
2024-01-09 17:30:00,1035231.7,852727.16,182504.54,13099364.29,ACH,Markets
2024-01-09 17:45:00,1107279.66,952524.3,154755.36,13134203.09,ACH,Retail
2024-01-09 18:00:00,373055.46,1491217.17,-1118161.71,12900075.52,FEDWIRE,Treasury
2024-01-09 18:15:00,599879.67,1015375.28,-415495.61,12834032.98,ACH,Retail
2024-01-09 18:30:00,1227455.69,959056.93,268398.76,12858025.78,ACH,Markets
2024-01-09 18:45:00,995864.86,806073.27,189791.6,12882974.54,ACH,Markets
2024-01-09 19:00:00,924000.89,978400.34,-54399.45,12918806.2,FEDWIRE,Treasury
2024-01-09 19:15:00,1067409.34,1012598.85,54810.5,12988709.34,INTERNAL,Retail
2024-01-09 19:30:00,1218614.14,929066.42,289547.72,13056248.74,ACH,Markets
2024-01-09 19:45:00,588287.45,672175.1,-83887.65,13053565.32,INTERNAL,Retail
2024-01-09 20:00:00,761945.8,614197.44,147748.36,13047743.83,FEDWIRE,Treasury
2024-01-09 20:15:00,660429.8,994373.53,-333943.73,13014481.08,INTERNAL,Retail
2024-01-09 20:30:00,996344.43,928577.66,67766.77,13080567.05,FEDWIRE,Retail
2024-01-09 20:45:00,893785.32,1004283.97,-110498.65,13117705.41,FEDWIRE,Retail
2024-01-09 21:00:00,1350295.8,1194015.84,156279.96,13180623.52,FEDWIRE,Retail
2024-01-09 21:15:00,1002993.35,1001580.52,1412.83,13184840.78,INTERNAL,Treasury
2024-01-09 21:30:00,1209871.82,1126667.76,83204.07,13223353.44,ACH,Treasury
2024-01-09 21:45:00,1485472.21,827224.77,658247.44,13348397.18,FEDWIRE,Treasury
2024-01-09 22:00:00,856922.91,1029334.2,-172411.29,13300502.08,FEDWIRE,Treasury
2024-01-09 22:15:00,604499.86,1194342.56,-589842.71,13232775.21,ACH,Treasury
2024-01-09 22:30:00,959045.28,693270.05,265775.23,13260452.07,FEDWIRE,Markets
2024-01-09 22:45:00,1269050.82,809725.15,459325.67,13317330.57,FEDWIRE,Treasury
2024-01-09 23:00:00,966893.75,880373.15,86520.6,13326804.85,INTERNAL,Markets
2024-01-09 23:15:00,992028.76,975448.43,16580.33,13335212.62,FEDWIRE,Retail
2024-01-09 23:30:00,1600969.93,870851.1,730118.82,13450303.98,ACH,Retail
2024-01-09 23:45:00,871922.32,928659.98,-56737.67,13428576.94,FEDWIRE,Markets
2024-01-10 00:00:00,1213512.78,748784.94,464727.84,13518072.06,ACH,Retail
2024-01-10 00:15:00,1157795.06,634106.15,523688.91,13619827.37,ACH,Treasury
2024-01-10 00:30:00,1076268.52,1148200.39,-71931.87,13571173.75,ACH,Retail
2024-01-10 00:45:00,1124994.21,931624.04,193370.18,13612104.66,INTERNAL,Markets
2024-01-10 01:00:00,1135960.15,1248351.62,-112391.47,13585448.02,INTERNAL,Markets
2024-01-10 01:15:00,897503.6,946262.05,-48758.45,13559049.43,ACH,Markets
2024-01-10 01:30:00,506950.44,713030.85,-206080.41,13522985.61,ACH,Markets
2024-01-10 01:45:00,1420162.72,892596.22,527566.5,13642117.23,FEDWIRE,Markets
2024-01-10 02:00:00,480595.97,993565.55,-512969.58,13593367.48,FEDWIRE,Retail
2024-01-10 02:15:00,1197535.73,692085.06,505450.67,13706499.66,ACH,Retail
2024-01-10 02:30:00,744496.54,982314.48,-237817.94,13737679.33,INTERNAL,Markets
2024-01-10 02:45:00,854076.99,911567.02,-57490.03,13729140.46,FEDWIRE,Treasury
2024-01-10 03:00:00,852770.17,153207.42,699562.75,13886386.61,FEDWIRE,Markets
2024-01-10 03:15:00,959385.92,560698.09,398687.82,14004421.06,FEDWIRE,Markets
2024-01-10 03:30:00,1029793.21,1227760.91,-197967.69,13965188.54,INTERNAL,Retail
2024-01-10 03:45:00,939878.39,1151880.92,-212002.53,13927589.65,INTERNAL,Retail
2024-01-10 04:00:00,1074375.4,787756.63,286618.76,13956222.61,INTERNAL,Treasury
2024-01-10 04:15:00,971499.31,1406936.41,-435437.1,13879205.76,ACH,Markets
2024-01-10 04:30:00,1005806.45,1032373.19,-26566.74,13913681.58,ACH,Markets
2024-01-10 04:45:00,1392634.56,1359600.64,33033.92,13916661.86,INTERNAL,Markets
2024-01-10 05:00:00,827102.55,605324.15,221778.4,13981020.38,ACH,Treasury
2024-01-10 05:15:00,1033663.31,1316754.13,-283090.82,13937510.5,ACH,Treasury
2024-01-10 05:30:00,979625.21,1060527.82,-80902.62,13955629.06,ACH,Markets
2024-01-10 05:45:00,999703.51,948375.34,51328.18,13937919.92,INTERNAL,Treasury
2024-01-10 06:00:00,933272.36,1272822.11,-339549.76,13892957.57,ACH,Treasury
2024-01-10 06:15:00,1334817.33,1099882.93,234934.4,13930356.4,INTERNAL,Treasury
2024-01-10 06:30:00,893226.6,902691.0,-9464.39,13926509.31,ACH,Retail
2024-01-10 06:45:00,806226.28,963663.52,-157437.25,13932726.89,FEDWIRE,Treasury
2024-01-10 07:00:00,1358627.33,1097567.28,261060.05,13981714.62,FEDWIRE,Retail
2024-01-10 07:15:00,1400014.57,1133194.8,266819.77,14043766.24,FEDWIRE,Markets
2024-01-10 07:30:00,1383645.83,951161.76,432484.06,14126231.01,INTERNAL,Markets
2024-01-10 07:45:00,778146.66,900150.48,-122003.82,14123629.08,FEDWIRE,Retail
2024-01-10 08:00:00,1045720.78,1410010.43,-364289.65,14015828.33,ACH,Retail
2024-01-10 08:15:00,1332478.77,1353826.31,-21347.54,14043694.1,INTERNAL,Treasury
2024-01-10 08:30:00,846536.05,683173.51,163362.54,14052858.18,FEDWIRE,Retail
2024-01-10 08:45:00,923986.73,1114782.08,-190795.35,14024475.98,INTERNAL,Treasury
2024-01-10 09:00:00,1547886.54,902293.74,645592.8,14157659.99,FEDWIRE,Retail
2024-01-10 09:15:00,1206558.32,1224184.5,-17626.18,14115408.96,FEDWIRE,Treasury
2024-01-10 09:30:00,1047107.24,1084483.69,-37376.45,14120209.77,FEDWIRE,Markets
2024-01-10 09:45:00,1140498.8,873459.07,267039.73,14153029.95,INTERNAL,Retail
2024-01-10 10:00:00,1352570.33,891877.45,460692.89,14252203.47,INTERNAL,Retail
2024-01-10 10:15:00,1534707.4,1201322.56,333384.83,14355019.92,INTERNAL,Treasury
2024-01-10 10:30:00,1244559.15,812610.93,431948.22,14435254.92,INTERNAL,Retail
2024-01-10 10:45:00,982510.3,1426648.77,-444138.48,14377777.78,ACH,Retail
2024-01-10 11:00:00,842989.48,1127467.81,-284478.33,14334982.38,ACH,Markets
2024-01-10 11:15:00,906949.19,1190342.02,-283392.83,14338627.09,ACH,Retail
2024-01-10 11:30:00,771655.81,1248170.52,-476514.71,14255314.25,INTERNAL,Markets
2024-01-10 11:45:00,903780.62,895973.09,7807.53,14194109.52,INTERNAL,Retail
2024-01-10 12:00:00,1099670.49,1198570.16,-98899.67,14146339.21,INTERNAL,Treasury
2024-01-10 12:15:00,916099.09,717336.74,198762.34,14196266.16,ACH,Retail
2024-01-10 12:30:00,796360.82,665729.07,130631.75,14253836.19,ACH,Retail
2024-01-10 12:45:00,1125494.9,905021.79,220473.11,14297918.61,INTERNAL,Retail
2024-01-10 13:00:00,1024816.26,978650.11,46166.15,14357986.83,ACH,Retail
2024-01-10 13:15:00,1167545.1,805327.2,362217.9,14427816.7,INTERNAL,Retail
2024-01-10 13:30:00,1282172.02,703101.96,579070.06,14562445.42,INTERNAL,Treasury
2024-01-10 13:45:00,689472.92,684193.08,5279.84,14536698.24,FEDWIRE,Markets
2024-01-10 14:00:00,1294738.02,724893.88,569844.14,14650885.38,INTERNAL,Markets
2024-01-10 14:15:00,1635851.55,1155937.53,479914.02,14741427.15,INTERNAL,Retail
2024-01-10 14:30:00,908482.17,965159.33,-56677.16,14723727.92,ACH,Treasury
2024-01-10 14:45:00,864096.49,906732.02,-42635.53,14694114.54,FEDWIRE,Markets
2024-01-10 15:00:00,529291.13,621182.42,-91891.29,14686788.51,FEDWIRE,Markets
2024-01-10 15:15:00,1148742.58,931867.61,216874.97,14748335.51,ACH,Treasury
2024-01-10 15:30:00,1093847.92,1033202.57,60645.36,14733888.49,FEDWIRE,Retail
2024-01-10 15:45:00,1314516.3,600578.13,713938.17,14879243.54,INTERNAL,Markets
2024-01-10 16:00:00,955745.29,1317457.8,-361712.51,14799357.62,INTERNAL,Retail
2024-01-10 16:15:00,1023706.57,1013370.73,10335.84,14823291.91,FEDWIRE,Markets
2024-01-10 16:30:00,933231.25,1019021.2,-85789.95,14787590.96,FEDWIRE,Markets
2024-01-10 16:45:00,1079854.27,852615.0,227239.28,14853340.53,INTERNAL,Treasury
2024-01-10 17:00:00,931780.86,890226.03,41554.83,14884272.63,INTERNAL,Retail
2024-01-10 17:15:00,1744772.9,880739.09,864033.8,15099877.29,FEDWIRE,Treasury
2024-01-10 17:30:00,681730.34,1431045.46,-749315.12,14990322.26,FEDWIRE,Markets
2024-01-10 17:45:00,1117152.78,1264082.1,-146929.33,14966463.44,INTERNAL,Markets
2024-01-10 18:00:00,826029.71,812134.78,13894.92,14959517.39,INTERNAL,Markets
2024-01-10 18:15:00,1064700.64,884558.38,180142.26,14990545.94,ACH,Retail
2024-01-10 18:30:00,734828.42,798958.1,-64129.67,15007776.15,INTERNAL,Markets
2024-01-10 18:45:00,1395798.8,713658.44,682140.36,15159878.45,ACH,Markets
2024-01-10 19:00:00,1237634.8,1205952.65,31682.14,15138653.21,ACH,Markets
2024-01-10 19:15:00,1042902.29,926948.61,115953.68,15087805.23,INTERNAL,Retail
2024-01-10 19:30:00,1009884.13,1019904.07,-10019.94,15103742.19,ACH,Markets
2024-01-10 19:45:00,1052232.03,571739.57,480492.46,15249601.38,ACH,Markets
2024-01-10 20:00:00,574888.11,578771.93,-3883.83,15226385.87,ACH,Treasury
2024-01-10 20:15:00,649204.92,848280.22,-199075.3,15135164.63,FEDWIRE,Treasury
2024-01-10 20:30:00,1342632.11,935931.23,406700.88,15206420.06,INTERNAL,Markets
2024-01-10 20:45:00,1195634.3,956132.82,239501.47,15258262.89,FEDWIRE,Treasury
2024-01-10 21:00:00,769316.89,1063427.5,-294110.61,15196430.35,ACH,Markets
2024-01-10 21:15:00,902614.71,974992.36,-72377.65,15200553.46,FEDWIRE,Retail
2024-01-10 21:30:00,1144717.87,1323568.34,-178850.46,15218196.74,FEDWIRE,Retail
2024-01-10 21:45:00,850043.97,623346.65,226697.32,15268691.38,ACH,Markets
2024-01-10 22:00:00,807860.81,866025.81,-58165.0,15245106.31,INTERNAL,Treasury
2024-01-10 22:15:00,737615.57,708364.79,29250.78,15263318.98,INTERNAL,Treasury
2024-01-10 22:30:00,679878.13,1186894.38,-507016.25,15189905.56,FEDWIRE,Retail
2024-01-10 22:45:00,1003591.5,981885.7,21705.8,15174983.63,ACH,Markets
2024-01-10 23:00:00,1001670.42,1229772.97,-228102.56,15098002.52,INTERNAL,Retail
2024-01-10 23:15:00,802226.54,994396.7,-192170.16,15053959.4,INTERNAL,Markets
2024-01-10 23:30:00,889671.42,958484.84,-68813.43,15089512.0,INTERNAL,Markets
2024-01-10 23:45:00,850471.55,901847.37,-51375.82,15065603.41,FEDWIRE,Markets
2024-01-11 00:00:00,601358.02,1390715.17,-789357.15,14903255.27,INTERNAL,Treasury
2024-01-11 00:15:00,1242030.08,945712.35,296317.73,14923272.22,ACH,Retail
2024-01-11 00:30:00,642588.97,604659.18,37929.8,14971070.3,ACH,Retail
2024-01-11 00:45:00,1037335.96,1274262.41,-236926.45,14905576.74,FEDWIRE,Treasury
2024-01-11 01:00:00,1129919.58,1009110.72,120808.86,14928812.14,ACH,Retail
2024-01-11 01:15:00,653617.37,840268.88,-186651.52,14880119.33,ACH,Treasury
2024-01-11 01:30:00,1104953.2,961759.55,143193.65,14933897.52,ACH,Markets
2024-01-11 01:45:00,1148235.97,391262.64,756973.33,15096071.85,ACH,Treasury
2024-01-11 02:00:00,953244.95,1098276.52,-145031.56,15070973.29,INTERNAL,Treasury
2024-01-11 02:15:00,1279034.53,737227.64,541806.89,15180530.94,ACH,Markets
2024-01-11 02:30:00,1085502.02,1149803.22,-64301.2,15187220.42,INTERNAL,Markets
2024-01-11 02:45:00,1126797.53,1189558.03,-62760.49,15189087.51,ACH,Markets
2024-01-11 03:00:00,1019628.78,1179166.83,-159538.05,15156749.18,INTERNAL,Markets
2024-01-11 03:15:00,1491380.51,1113780.28,377600.22,15225393.53,INTERNAL,Markets
2024-01-11 03:30:00,1077281.71,923457.88,153823.82,15281949.12,FEDWIRE,Treasury
2024-01-11 03:45:00,670083.07,583550.11,86532.96,15245814.83,ACH,Markets
2024-01-11 04:00:00,860686.5,228409.8,632276.7,15334072.39,ACH,Markets
2024-01-11 04:15:00,1008751.51,971596.35,37155.15,15370356.27,INTERNAL,Treasury
2024-01-11 04:30:00,926657.89,681680.41,244977.48,15357111.36,FEDWIRE,Markets
2024-01-11 04:45:00,597020.57,900794.26,-303773.7,15317574.25,FEDWIRE,Retail
2024-01-11 05:00:00,904911.06,459743.21,445167.85,15376005.79,ACH,Markets
2024-01-11 05:15:00,1035320.76,723745.59,311575.18,15399946.66,ACH,Treasury
2024-01-11 05:30:00,1014146.86,1128389.19,-114242.33,15387130.28,ACH,Markets
2024-01-11 05:45:00,910911.18,1125976.55,-215065.37,15315087.43,ACH,Markets
2024-01-11 06:00:00,1273442.84,1164682.39,108760.45,15345632.15,ACH,Retail
2024-01-11 06:15:00,899852.9,1065167.44,-165314.54,15272074.03,INTERNAL,Markets
2024-01-11 06:30:00,1136477.2,790676.45,345800.75,15362774.14,ACH,Retail
2024-01-11 06:45:00,931960.18,871151.04,60809.14,15382390.99,FEDWIRE,Markets
2024-01-11 07:00:00,997263.44,690129.19,307134.25,15451040.22,INTERNAL,Retail
2024-01-11 07:15:00,683498.42,901464.7,-217966.29,15479537.95,FEDWIRE,Markets
2024-01-11 07:30:00,936732.2,927966.67,8765.54,15417601.64,INTERNAL,Treasury
2024-01-11 07:45:00,1339407.77,1226742.53,112665.24,15406442.34,ACH,Treasury
2024-01-11 08:00:00,1164438.8,1572601.74,-408162.94,15309084.23,FEDWIRE,Treasury
2024-01-11 08:15:00,738429.69,977220.51,-238790.82,15242673.05,ACH,Markets
2024-01-11 08:30:00,765558.56,886840.14,-121281.58,15223714.73,INTERNAL,Retail
2024-01-11 08:45:00,1261488.24,1184822.37,76665.86,15253173.69,FEDWIRE,Treasury
2024-01-11 09:00:00,1080274.62,1195984.45,-115709.83,15253669.45,FEDWIRE,Retail
2024-01-11 09:15:00,1507683.22,821285.43,686397.79,15389383.24,INTERNAL,Markets
2024-01-11 09:30:00,1125622.72,834929.84,290692.88,15433190.16,ACH,Retail
2024-01-11 09:45:00,1042094.07,1022134.93,19959.14,15433135.86,FEDWIRE,Retail
2024-01-11 10:00:00,910498.94,897286.21,13212.73,15437766.56,ACH,Treasury
2024-01-11 10:15:00,1254088.06,297118.82,956969.24,15606372.63,ACH,Treasury
2024-01-11 10:30:00,1096548.91,725324.01,371224.9,15696551.97,INTERNAL,Markets
2024-01-11 10:45:00,1361880.69,1289766.4,72114.29,15690537.32,ACH,Markets
2024-01-11 11:00:00,1037676.32,685699.79,351976.52,15757246.52,ACH,Markets
2024-01-11 11:15:00,1004170.04,1339853.05,-335683.01,15686501.72,INTERNAL,Treasury
2024-01-11 11:30:00,1141826.98,733818.3,408008.68,15755397.47,INTERNAL,Retail
2024-01-11 11:45:00,819386.43,816049.25,3337.17,15713570.23,FEDWIRE,Retail
2024-01-11 12:00:00,630181.53,890851.74,-260670.21,15649515.97,INTERNAL,Markets
2024-01-11 12:15:00,941675.83,791094.9,150580.93,15699156.46,ACH,Retail
2024-01-11 12:30:00,829912.86,973641.0,-143728.15,15661840.39,ACH,Retail
2024-01-11 12:45:00,816490.33,741998.22,74492.11,15633263.48,INTERNAL,Retail
2024-01-11 13:00:00,1155415.05,1098279.23,57135.82,15639864.47,INTERNAL,Markets
2024-01-11 13:15:00,1115621.14,850758.99,264862.15,15699276.44,FEDWIRE,Treasury
2024-01-11 13:30:00,1015181.62,558517.18,456664.44,15848294.68,INTERNAL,Retail
2024-01-11 13:45:00,1124765.78,1237109.04,-112343.26,15854892.43,ACH,Treasury
2024-01-11 14:00:00,948594.05,1079274.85,-130680.8,15866404.75,FEDWIRE,Treasury
2024-01-11 14:15:00,1299851.81,1124562.88,175288.93,15854604.95,INTERNAL,Treasury
2024-01-11 14:30:00,1388040.07,1311578.84,76461.24,15849684.5,INTERNAL,Treasury
2024-01-11 14:45:00,732216.12,849270.03,-117053.92,15839291.55,INTERNAL,Markets
2024-01-11 15:00:00,1149791.0,809994.7,339796.29,15888226.83,FEDWIRE,Retail
2024-01-11 15:15:00,549806.84,1081650.95,-531844.11,15746791.22,ACH,Markets
2024-01-11 15:30:00,933951.88,889917.91,44033.97,15776784.0,FEDWIRE,Treasury
2024-01-11 15:45:00,650881.33,860905.28,-210023.96,15725780.46,FEDWIRE,Markets
2024-01-11 16:00:00,1423931.48,1255102.11,168829.37,15736679.67,ACH,Markets
2024-01-11 16:15:00,830292.15,765506.73,64785.42,15775541.06,FEDWIRE,Retail
2024-01-11 16:30:00,756572.42,1521780.01,-765207.59,15610995.02,ACH,Retail
2024-01-11 16:45:00,1507638.62,641462.91,866175.71,15809940.29,INTERNAL,Retail
2024-01-11 17:00:00,790210.25,1187483.92,-397273.67,15768770.27,ACH,Retail
2024-01-11 17:15:00,1191443.33,1113028.71,78414.62,15770730.47,ACH,Markets
2024-01-11 17:30:00,1013095.13,980218.22,32876.91,15812765.8,INTERNAL,Markets
2024-01-11 17:45:00,865175.78,1206980.29,-341804.51,15766331.73,ACH,Treasury
2024-01-11 18:00:00,1062094.84,983452.75,78642.09,15804437.05,FEDWIRE,Retail
2024-01-11 18:15:00,669560.42,711251.92,-41691.5,15790072.02,INTERNAL,Treasury
2024-01-11 18:30:00,1113015.82,596683.84,516331.98,15892902.0,INTERNAL,Markets
2024-01-11 18:45:00,814741.62,1195563.39,-380821.76,15815847.79,ACH,Retail
2024-01-11 19:00:00,844159.95,1260786.59,-416626.64,15767004.36,ACH,Treasury
2024-01-11 19:15:00,758543.96,1383264.82,-624720.85,15668283.56,ACH,Retail
2024-01-11 19:30:00,1134648.56,1032255.23,102393.33,15727917.34,FEDWIRE,Retail
2024-01-11 19:45:00,923042.68,683707.1,239335.58,15758692.74,ACH,Treasury
2024-01-11 20:00:00,1157073.97,1097801.2,59272.77,15775542.04,FEDWIRE,Markets
2024-01-11 20:15:00,810960.46,668681.13,142279.33,15831892.63,FEDWIRE,Treasury
2024-01-11 20:30:00,979422.37,1090570.61,-111148.24,15795040.08,ACH,Markets
2024-01-11 20:45:00,1199448.09,754302.38,445145.72,15872106.3,ACH,Treasury
2024-01-11 21:00:00,1079643.83,842865.47,236778.36,15913680.0,ACH,Treasury
2024-01-11 21:15:00,339778.46,677367.58,-337589.11,15872515.69,FEDWIRE,Markets
2024-01-11 21:30:00,1150167.84,932434.12,217733.72,15876180.05,INTERNAL,Markets
2024-01-11 21:45:00,940046.15,609754.26,330291.89,15984039.97,FEDWIRE,Retail
2024-01-11 22:00:00,1147976.81,1262986.98,-115010.17,15964727.1,ACH,Treasury
2024-01-11 22:15:00,575248.08,940330.29,-365082.21,15900967.86,ACH,Markets
2024-01-11 22:30:00,1098495.82,1146397.32,-47901.5,15908539.08,FEDWIRE,Treasury
2024-01-11 22:45:00,931892.46,976798.34,-44905.88,15925851.13,ACH,Retail
2024-01-11 23:00:00,1158538.65,864152.39,294386.27,15987765.09,FEDWIRE,Retail
2024-01-11 23:15:00,1196364.32,907738.73,288625.58,16022840.99,FEDWIRE,Markets
2024-01-11 23:30:00,678024.96,693245.8,-15220.84,16014822.11,ACH,Markets
2024-01-11 23:45:00,1196624.2,847736.04,348888.16,16042152.55,ACH,Markets
2024-01-12 00:00:00,1291344.08,858070.3,433273.78,16123210.14,INTERNAL,Treasury
2024-01-12 00:15:00,1054276.1,788461.2,265814.9,16192168.85,INTERNAL,Retail
2024-01-12 00:30:00,1084074.79,620924.95,463149.85,16263173.34,INTERNAL,Markets
2024-01-12 00:45:00,1175782.28,1039200.33,136581.95,16334038.56,ACH,Treasury
2024-01-12 01:00:00,777128.03,1072387.66,-295259.63,16252387.26,FEDWIRE,Markets
2024-01-12 01:15:00,1200859.43,759374.55,441484.88,16330645.76,INTERNAL,Retail
2024-01-12 01:30:00,821851.08,982038.03,-160186.95,16293940.48,INTERNAL,Treasury
2024-01-12 01:45:00,1147618.44,381779.15,765839.3,16473493.14,INTERNAL,Markets
2024-01-12 02:00:00,1190602.21,668973.61,521628.6,16595619.38,ACH,Markets
2024-01-12 02:15:00,911615.9,996580.96,-84965.06,16564146.15,ACH,Markets
2024-01-12 02:30:00,809865.79,884009.96,-74144.16,16519958.43,ACH,Treasury
2024-01-12 02:45:00,968010.02,727145.68,240864.34,16590216.38,ACH,Treasury
2024-01-12 03:00:00,707212.13,706427.83,784.3,16590024.22,FEDWIRE,Retail
2024-01-12 03:15:00,1055121.76,949788.07,105333.7,16653810.78,INTERNAL,Retail
2024-01-12 03:30:00,879081.48,1045612.99,-166531.51,16644611.83,INTERNAL,Retail
2024-01-12 03:45:00,1353460.0,1001425.21,352034.79,16726732.01,FEDWIRE,Retail
2024-01-12 04:00:00,715369.98,909523.33,-194153.35,16692651.18,FEDWIRE,Retail
2024-01-12 04:15:00,874431.86,860454.15,13977.71,16724956.79,INTERNAL,Retail
2024-01-12 04:30:00,678283.53,1133457.67,-455174.14,16618087.69,FEDWIRE,Markets
2024-01-12 04:45:00,961243.1,897753.74,63489.36,16625159.23,INTERNAL,Markets
2024-01-12 05:00:00,921284.65,1275186.93,-353902.28,16542538.69,INTERNAL,Markets
2024-01-12 05:15:00,993001.74,1018656.0,-25654.26,16562327.15,ACH,Retail
2024-01-12 05:30:00,968087.32,881725.26,86362.05,16581552.58,FEDWIRE,Markets
2024-01-12 05:45:00,1332083.91,1277027.82,55056.09,16573998.37,FEDWIRE,Markets
2024-01-12 06:00:00,793116.69,780291.03,12825.66,16549495.98,FEDWIRE,Treasury
2024-01-12 06:15:00,1024633.48,784771.65,239861.83,16580017.24,ACH,Retail
2024-01-12 06:30:00,1017384.5,1090326.27,-72941.77,16575057.01,FEDWIRE,Retail
2024-01-12 06:45:00,741394.63,695604.6,45790.03,16559125.11,FEDWIRE,Markets
2024-01-12 07:00:00,993088.33,914785.38,78302.95,16650459.1,FEDWIRE,Retail
2024-01-12 07:15:00,1388117.57,701823.09,686294.49,16828005.92,INTERNAL,Treasury
2024-01-12 07:30:00,368895.24,898017.31,-529122.07,16721386.58,ACH,Markets
2024-01-12 07:45:00,830015.6,1196490.83,-366475.23,16641299.55,INTERNAL,Treasury
2024-01-12 08:00:00,977558.69,880028.28,97530.41,16646518.45,ACH,Markets
2024-01-12 08:15:00,930336.54,1022956.47,-92619.94,16644971.6,FEDWIRE,Retail
2024-01-12 08:30:00,770521.07,881263.1,-110742.03,16621994.2,FEDWIRE,Retail
2024-01-12 08:45:00,963195.94,1114590.53,-151394.6,16640892.49,INTERNAL,Treasury
2024-01-12 09:00:00,1026232.15,1388739.6,-362507.44,16587660.97,ACH,Retail
2024-01-12 09:15:00,792778.96,1033896.45,-241117.49,16552092.77,ACH,Retail
2024-01-12 09:30:00,829224.45,1112133.92,-282909.47,16525757.37,ACH,Markets
2024-01-12 09:45:00,1075987.78,787072.2,288915.58,16517408.74,ACH,Markets
2024-01-12 10:00:00,967231.35,294235.98,672995.38,16653742.36,INTERNAL,Treasury
2024-01-12 10:15:00,1335361.86,1299814.39,35547.46,16695720.39,FEDWIRE,Treasury
2024-01-12 10:30:00,668008.02,896045.47,-228037.45,16626640.8,INTERNAL,Retail
2024-01-12 10:45:00,1433009.99,1131364.16,301645.83,16660312.29,FEDWIRE,Treasury
2024-01-12 11:00:00,989769.59,793227.11,196542.48,16706490.97,INTERNAL,Treasury
2024-01-12 11:15:00,825239.8,1022103.35,-196863.56,16680167.77,ACH,Markets
2024-01-12 11:30:00,723723.42,1133454.46,-409731.03,16611968.21,FEDWIRE,Retail
2024-01-12 11:45:00,1039232.4,850600.36,188632.04,16694467.18,FEDWIRE,Retail
2024-01-12 12:00:00,761485.03,655158.74,106326.29,16712269.87,INTERNAL,Treasury
2024-01-12 12:15:00,466763.91,757152.81,-290388.9,16657498.45,FEDWIRE,Treasury
2024-01-12 12:30:00,880784.36,1264108.35,-383323.99,16570692.73,FEDWIRE,Treasury
2024-01-12 12:45:00,1065156.49,740343.62,324812.87,16666093.05,ACH,Treasury
2024-01-12 13:00:00,1351329.79,1008171.31,343158.47,16765454.56,INTERNAL,Treasury
2024-01-12 13:15:00,802257.06,995365.26,-193108.2,16759933.63,ACH,Markets
2024-01-12 13:30:00,848627.91,519062.91,329565.0,16855404.56,FEDWIRE,Treasury
2024-01-12 13:45:00,855210.99,1089882.21,-234671.22,16804806.3,INTERNAL,Treasury
2024-01-12 14:00:00,1124597.73,655182.46,469415.28,16942835.71,INTERNAL,Retail
2024-01-12 14:15:00,921960.09,877050.96,44909.13,16963394.47,INTERNAL,Treasury
2024-01-12 14:30:00,1164654.02,710691.28,453962.74,17069250.04,ACH,Treasury
2024-01-12 14:45:00,1143446.01,1193360.88,-49914.87,17048239.52,INTERNAL,Retail
2024-01-12 15:00:00,1071693.28,654169.44,417523.84,17096791.27,FEDWIRE,Retail
2024-01-12 15:15:00,964536.08,835015.03,129521.05,17120075.58,ACH,Retail
2024-01-12 15:30:00,804043.64,1020931.94,-216888.3,17025926.43,INTERNAL,Treasury
2024-01-12 15:45:00,1272843.04,1073258.87,199584.17,17112805.66,ACH,Treasury
2024-01-12 16:00:00,512372.64,1028386.79,-516014.15,16990272.07,FEDWIRE,Treasury
2024-01-12 16:15:00,1622054.77,1302949.16,319105.61,17056245.79,ACH,Markets
2024-01-12 16:30:00,1013521.56,1545610.26,-532088.7,16929263.67,INTERNAL,Treasury
2024-01-12 16:45:00,727990.29,896856.42,-168866.13,16932205.7,FEDWIRE,Retail
2024-01-12 17:00:00,1070544.71,841181.86,229362.86,16997088.35,FEDWIRE,Treasury
2024-01-12 17:15:00,1041298.22,958869.6,82428.62,16988776.49,INTERNAL,Retail
2024-01-12 17:30:00,1482427.96,671915.43,810512.53,17156098.33,ACH,Markets
2024-01-12 17:45:00,990770.39,1105818.66,-115048.26,17151462.03,ACH,Treasury
2024-01-12 18:00:00,786923.52,927540.67,-140617.16,17073294.47,INTERNAL,Treasury
2024-01-12 18:15:00,799145.32,1174881.22,-375735.9,17009812.06,ACH,Retail
2024-01-12 18:30:00,946398.79,1057416.53,-111017.74,16967399.72,FEDWIRE,Treasury
2024-01-12 18:45:00,1091641.7,965362.07,126279.63,16952618.34,FEDWIRE,Treasury
